survey,object_id,class,subtype,z_helio,redshift_source,mwebv,field,field_stratum,ignored_sdss_epochs,structural_epoch_count,global_fallback,fallback_g,fallback_r,fallback_i,fallback_z,selected_epochs_g,selected_epochs_r,selected_epochs_i,selected_epochs_z,first_active_mjd,last_active_mjd,colour_clipped_g_r,colour_clipped_r_i,colour_clipped_i_z,z_peak_flux,r_mean_flux,peak_color_g_minus_r,i_peak_flux,peak_color_r_minus_i,peak_color_i_minus_z,g_mean_flux,r_peak_flux,z_std_flux,i_amplitude,i_std_flux,time_span,z_time_of_peak,i_time_of_peak,r_time_of_peak,r_std_flux
SDSS-II,722,Ia,Ia,0.0863410010933876,REDSHIFT_HELIO,0.026000000536441803,82N,82N,0,84,False,False,False,False,False,20,21,20,11,53616.317193,53704.216903,False,False,False,3.05857026101288,2.9297740019261855,0.270208822170293,3.386953541583593,-0.4203265411076553,-0.4457667715073569,2.717350902200196,3.5537167841223027,2.381887624577316,3.356016299304234,2.7619661603064793,87.89970999999787,0.0,0.0,0.0,2.918449427442504
SDSS-II,739,Ia,Ia,0.10763800144195557,REDSHIFT_HELIO,0.029100000858306885,82N,82N,0,80,False,False,False,False,False,17,17,15,7,53616.355168,53704.256563,False,False,False,2.8894473823365314,2.661621740884063,0.46578329877685065,3.0898592062465293,-0.2502002251959,-0.37926636779888384,2.379187106114003,3.2390290670306436,2.0826819805640864,3.0384174665066324,2.5271728695331803,87.90139500000078,11.961693999997806,0.0,0.0,2.624814143674366
SDSS-II,744,Ia,Ia,0.12825100123882294,REDSHIFT_HELIO,0.05770000070333481,82N,82N,0,83,False,False,False,False,False,15,18,16,6,53616.230245,53704.126985,False,False,False,2.7803028933735154,2.6553636381951895,0.32465930421518974,3.0350813643221364,-0.3177145151264099,-0.464468301870656,2.487904431559035,3.12349230940135,1.8641028987692538,2.9738479991040645,2.4296557669819583,87.89674000000377,20.962208000004466,0.0,0.0,2.5736826436241125
SDSS-II,762,Ia,Ia,0.19138100743293762,REDSHIFT_HELIO,0.032999999821186066,82N,82N,0,80,False,False,False,False,False,8,15,14,2,53616.357628,53680.275574,False,False,False,2.7374073661572167,2.4638900088098428,0.15407908757656846,2.7943346775871123,-0.08131456970345602,-0.1607844712477692,2.549622365067171,2.826107203615504,1.8996290506469677,2.711317869283782,2.1922268189854215,63.91794600000139,0.0,9.977050000001327,11.9621049999987,2.2974901647687687
SDSS-II,774,Ia,Ia,0.0933310016989708,REDSHIFT_HELIO,0.027000000700354576,82N,82N,0,90,False,False,False,False,False,19,21,21,12,53616.384793,53704.287502,False,False,False,3.0928048258904743,2.8475785391392323,0.32125475495961575,3.2785890017104298,-0.2961856469052042,-0.2377481889234952,2.61409868427432,3.3885665423731437,2.4587724066876344,3.2350838341361103,2.684542144333186,87.90270900000178,23.009367000006023,0.0,0.0,2.7806464864874556
SDSS-II,1032,Ia,Ia,0.12975500524044037,REDSHIFT_HELIO,0.0738999992609024,82N,82N,3,85,False,False,False,False,False,7,14,8,5,53616.441941,53699.385252,False,False,False,2.7946832117546405,2.505099568018043,0.26621771123614885,2.85792923529342,-0.12014948882903759,-0.17322445064848402,2.5257942172394348,2.916432902904643,1.9169594136960248,2.713070313025421,2.2466264555729394,82.94331100000272,25.00925200000347,9.977404000004753,9.977404000004753,2.399647944852867
SDSS-II,1112,Ia,Ia,0.25760799646377563,REDSHIFT_HELIO,0.05209999904036522,82S,82S,0,80,False,False,False,False,False,5,6,6,1,53622.270526,53666.18401,False,False,False,2.5575192438051264,2.316704041830672,0.1393990124922523,2.515211304327802,0.1410308341101135,0.21686955850944417,2.3172608202890514,2.4575488585623977,0.0,2.2955890769211864,1.8125306481496148,43.91348399999697,2.9961110000003828,11.949218000001565,4.957281000002695,1.7871063081313754
SDSS-II,1241,Ia,Ia,0.08979000151157379,REDSHIFT_HELIO,0.061400000005960464,82S,82S,0,80,False,False,False,False,False,18,20,20,14,53622.266772,53705.152174,False,False,False,3.143086649884847,2.8889353377895914,0.06227680655190169,3.2633945906473034,-0.19165653440490968,-0.39589883447322816,2.7528428657403325,3.359378206084229,2.452863567335468,3.2178996115640772,2.6820798671589716,82.88540199999989,13.954590999994252,11.9491909999997,13.954590999994252,2.7860686071262424
SDSS-II,1253,Ia,Ia,0.2630710005760193,REDSHIFT_HELIO,0.06129999831318855,82S,82S,0,72,False,False,False,False,False,5,7,9,1,53622.228204,53676.209469,False,False,False,2.565706183577127,2.323973602207981,-0.0756115656580835,2.5717554123944635,0.10368176231416457,0.14760986878313617,2.406952136057563,2.5415293115064377,0.0,2.417255755106019,1.9842072237321764,53.98126500000217,13.954320999997435,13.954320999997435,13.954320999997435,1.9168616333566793
SDSS-II,1316,Ia,Ia,0.21710899472236633,REDSHIFT_HELIO,0.0658000037074089,82S,82S,0,80,False,False,False,False,False,5,7,8,1,53622.259242,53674.151485,False,False,False,2.524123396339345,2.458136909422301,0.22067693624232917,2.611818859629462,-0.034450977597599686,-0.19929692128761978,2.442661602181149,2.6458642114203688,0.0,2.4716290323060006,2.0649231879670555,51.892243000002054,2.995675999998639,2.995675999998639,0.0,2.1027272663168732
SDSS-II,1371,Ia,Ia,0.11934299767017365,REDSHIFT_HELIO,0.045099999755620956,82S,82S,4,80,False,False,False,False,False,17,18,19,16,53622.299614,53705.18563,False,False,False,3.1543387403798007,2.965305728333043,-0.03985553124429715,3.2653933399281194,-0.3051441896699496,-0.40690097685866294,2.9162219565906633,3.3617769292455115,2.3955632179945683,3.1987670025596775,2.6789336064054057,82.88601599999674,4.95694899999944,13.954856999996991,13.954856999996991,2.8477688664861183
SDSS-II,1580,Ia,Ia,0.18400000035762787,REDSHIFT_HELIO,0.12240000069141388,82S,82S,0,96,False,False,False,False,False,8,20,17,4,53622.451649,53705.344477,False,False,False,2.7307822756663893,2.469450126570833,0.15480460595764534,2.815936177558182,-0.07956123738372983,-0.23522456908993544,2.560707480059204,2.8496896135058454,1.887144460193563,2.694833235121633,2.1786609464639906,82.89282799999637,46.91338800000085,11.950334000001021,11.950334000001021,2.2806519993913796
SDSS-II,1794,Ia,Ia,0.14191000163555145,REDSHIFT_HELIO,0.08799999952316284,82N,82N,0,84,False,False,False,False,False,10,16,14,4,53623.188328,53704.094423,False,False,False,2.7411358193056823,2.633697533410173,0.15726559817916344,2.8863271413068965,-0.24475476080428704,-0.43177534223018765,2.6133332609623374,2.9803852131260573,2.0081124976404947,2.802719027201679,2.366177373904945,80.90609500000573,2.9858060000042315,0.0,2.9858060000042315,2.4830520479739904
SDSS-II,2030,Ia,Ia,0.23360000550746918,REDSHIFT_HELIO,0.07509999722242355,82S,82S,0,72,False,False,False,False,False,5,9,7,1,53622.194437,53705.078126,False,False,False,2.588854099034225,2.542085075939861,1.1504091977028157,2.588585404939189,-0.6426091201293249,0.07751213383598159,2.2974759859748253,3.050337219867422,0.0,2.3118174091101626,1.868209207804865,82.88368900000205,13.954098000001977,0.0,35.01186199999938,2.4793441702313963
SDSS-II,2031,Ia,Ia,0.15299999713897705,REDSHIFT_HELIO,0.07289999723434448,82S,82S,1,71,False,False,False,False,False,14,15,16,10,53622.19486,53705.07898,False,False,False,2.8967631369237825,2.7316177738173675,-0.0124282852867045,2.9922971876522944,-0.26306532364884927,-0.3628361974650957,2.696639674740927,3.0931098567483937,2.0726143484566317,2.9111469406679062,2.3615971307642663,82.88411999999516,11.948767999994743,13.954100999995717,13.954100999995717,2.5378433131537492
SDSS-II,2102,Ia,Ia,0.09510000050067902,REDSHIFT_HELIO,0.08839999884366989,82S,82S,0,71,False,False,False,False,False,16,18,17,11,53622.195273,53705.079454,False,False,False,3.1828623972459624,3.0214151173768595,0.007126101788023784,3.3037811959319883,-0.39042883086472324,-0.3491255037845655,2.93848939148823,3.461342422979391,2.5210385214251585,3.26783556366008,2.7825671446957787,82.88418100000126,0.0,0.0,0.0,2.9589238913117066
SDSS-II,2246,Ia,Ia,0.1949000060558319,REDSHIFT_HELIO,0.062300000339746475,82N,82N,4,88,False,False,False,False,False,6,14,15,1,53626.428202,53680.371873,False,False,False,2.7460890335434667,2.377018585592974,0.2587600186993116,2.724718115065831,0.08960928157877299,0.19592522701480974,2.4783957281537417,2.661850538986213,0.0,2.6154765705692196,2.10408428611515,53.94367099999363,0.0,8.993615999999747,8.993615999999747,2.130811301183082
SDSS-II,2308,Ia,Ia,0.14800000190734863,REDSHIFT_HELIO,0.033399999141693115,82N,82N,0,100,False,False,False,False,False,20,24,22,10,53616.408188,53704.312501,False,False,False,2.8629836166495357,2.7389459616243257,-0.20098852177419224,3.0362814824737567,-0.3187012786798541,-0.4679088862084777,2.754699529267335,3.1542748234313875,2.1605192965800897,2.9910975439358123,2.4737489665421077,87.90431299999909,9.977285000000848,11.962390000000596,11.962390000000596,2.6552210374276797
SDSS-II,2366,CC,II,0.1471260040998459,REDSHIFT_HELIO,0.03060000017285347,82N,82N,0,80,False,False,False,False,False,9,19,20,1,53616.351929,53704.253111,False,False,False,2.4809980768659448,2.1901369940187867,0.11558816700738946,2.4449499131165453,-0.00791255453239402,0.15109280663380362,2.189777197116915,2.5287367588951497,0.0,2.191395088110757,1.6762631316591727,87.90118200000143,60.93141100000503,9.977023999999801,11.96207300000242,1.7917791036210724
SDSS-II,2372,Ia,Ia,0.1804649978876114,REDSHIFT_HELIO,0.03020000085234642,82N,82N,1,91,False,False,False,False,False,8,16,17,4,53626.40244,53683.404043,False,False,False,2.8870036641087964,2.5342165420323637,0.12883535259503684,2.8195373488465023,-0.047322960453982515,-0.21561577261745618,2.6066782274558222,2.8285052303709493,2.238284398718841,2.7324420039862387,2.2291123177223224,57.00160300000425,0.0,13.032445000004373,8.99352799999906,2.2927713455498293
SDSS-II,2422,Ia,Ia,0.26499998569488525,REDSHIFT_HELIO,0.043800000101327896,82N,82N,0,84,False,False,False,False,False,10,16,10,1,53623.31132,53680.237601,False,False,False,2.6071654087961176,2.306170269686605,0.005636541722124354,2.6502686500493238,-0.011254802183558447,0.06840041340394709,2.3705426981664504,2.602298788954677,0.0,2.490955216218306,2.0071575140266233,56.92628100000002,16.018166000001656,20.96502899999905,13.972834000000148,2.058141984008333
SDSS-II,2440,Ia,Ia,0.19113899767398834,REDSHIFT_HELIO,0.05260000005364418,82N,82N,0,92,False,False,False,False,False,8,15,17,4,53626.408075,53683.409896,False,False,False,2.6883931238371925,2.4571903026795243,-0.01163687292808429,2.7123128881171823,-0.05115309463280444,-0.2907291951917684,2.560749270857475,2.7357904501597043,1.933208268040537,2.6044312378359598,2.1193086570122137,57.00182099999802,15.031772000002093,15.031772000002093,8.993962000000465,2.2273258807637486
SDSS-II,2561,Ia,Ia,0.11812900006771088,REDSHIFT_HELIO,0.07649999856948853,82S,82S,0,95,False,False,False,False,False,20,23,21,13,53622.454449,53705.347479,False,False,False,2.9373573803555537,2.700234788739307,0.17507269682242577,3.034279439154628,-0.18090532551899824,-0.261365760650185,2.555995376328922,3.099904988570891,2.170394392276583,2.960822639669986,2.4841992085131817,82.89302999999927,15.992002000006323,17.956103000004077,17.956103000004077,2.5868166485474284
SDSS-II,2635,Ia,Ia,0.1437000036239624,REDSHIFT_HELIO,0.09740000218153,82S,82S,0,104,False,False,False,False,False,24,25,23,7,53622.471726,53705.364998,False,False,False,2.7658919673413025,2.678120866831025,0.04308239304776014,2.9407106860126904,-0.2504552809137486,-0.5207365518036517,2.55001370286176,3.0451390608550417,1.664075613080624,2.8615045481780994,2.366024687206667,82.89327199999389,15.991672999996808,15.991672999996808,15.991672999996808,2.5007330507452004
SDSS-II,2661,CC,II,0.19291099905967712,REDSHIFT_HELIO,0.03739999979734421,82S,82S,0,80,False,False,False,False,False,4,9,10,1,53622.309963,53705.196743,False,False,False,2.5601099820833557,2.1091846800155234,0.27571623155024283,2.2763698957001943,0.0747847273369747,0.7704182175505974,2.0814103238454496,2.263707061718832,0.0,1.7849737969346433,1.2854126763400189,82.88678000000073,51.893905999997514,4.9573920000038925,4.9573920000038925,1.5554875454454706
SDSS-II,2689,Ia,Ia,0.16148899495601654,REDSHIFT_HELIO,0.0333000011742115,82S,82S,0,68,False,False,False,False,False,11,17,17,7,53622.396748,53705.286654,False,False,False,3.0210651770008106,2.5875980659618945,0.18415368213077343,2.9327172161356643,-0.18987064851482743,-0.05790027754526843,2.539981169928142,2.965196991156412,2.3504570544946675,2.8618986504702346,2.306914039487866,82.88990600000398,24.01705100000254,17.95561599999928,11.950048999999126,2.4347303415385952
SDSS-II,2916,Ia,Ia,0.1242000013589859,REDSHIFT_HELIO,0.0771000012755394,82S,82S,0,76,False,False,False,False,False,10,14,13,6,53627.162545,53705.090151,False,False,False,2.738233381350752,2.644861844120011,0.4663407754215041,2.9922971876522944,-0.13760472069147967,-0.4222216112288386,2.475293379099181,3.044339809653011,1.9288917574696955,2.9031931127283768,2.332492612859168,77.92760599999747,6.992139000001771,18.056429000003845,18.056429000003845,2.459214841159281
SDSS-II,2992,Ia,Ia,0.12660400569438934,REDSHIFT_HELIO,0.0925000011920929,82S,82S,0,92,False,False,False,False,False,15,21,18,7,53627.436701,53705.372955,False,False,False,2.9713686424541517,2.5660225617132655,0.21163829470824774,2.9930965898728594,-0.03949342876340918,-0.2785806877186439,2.3915631489306453,3.0171586188721125,2.2652639862651895,2.9240775949381095,2.3856071646732784,77.93625400000019,41.050514000002295,16.041166000002704,12.998470999998972,2.4315610793035853
SDSS-II,3080,Ia,Ia,0.17440399527549744,REDSHIFT_HELIO,0.04600000008940697,82N,82N,0,84,False,False,False,False,False,14,18,15,2,53635.332005,53704.263306,False,False,False,2.599937614936599,2.5793185764775757,0.04723113765224132,2.8507319920036505,-0.11665126731420229,-0.6364672763869623,2.5473535648686676,2.912838228685117,1.26997956275817,2.7264337897563733,2.1775320345308344,68.93130100000417,4.038782000003266,19.020512000002782,8.985757000002195,2.331381207996683
SDSS-II,3087,Ia,Ia,0.16550999879837036,REDSHIFT_HELIO,0.04430000111460686,82N,82N,0,84,False,False,False,False,False,14,18,18,4,53635.34143,53704.273079,False,False,False,2.7278826888113508,2.601931496923868,0.0274759647469678,2.8595345517289927,-0.06670292370435266,-0.36742463372164713,2.547460875292278,2.91043764180643,1.96393135809133,2.776316082196473,2.238483869248144,68.93164899999829,50.94721500000014,19.020614000000933,19.020614000000933,2.2952730862335295
SDSS-II,3256,Ia,Ia,0.10822500288486481,REDSHIFT_HELIO,0.07540000230073929,82S,82S,0,76,False,False,False,False,False,12,14,14,11,53636.197758,53705.128203,False,False,False,2.9588265723671503,2.7667908879735665,0.20491509188483642,3.058672721873132,-0.25541275096465954,-0.033294805353371544,2.598834265277015,3.1594709561811567,2.039808690389014,2.9796394247236977,2.3935376981778633,68.93044499999814,50.98695299999963,18.971129999998084,18.971129999998084,2.539423428683572
SDSS-II,3317,Ia,Ia,0.1610109955072403,REDSHIFT_HELIO,0.033799998462200165,82N,82N,0,92,False,False,False,False,False,15,15,15,6,53635.359406,53680.307936,False,False,False,2.729545417032768,2.611768610975013,-0.037382808725835166,2.8715320683078054,-0.05224181066142496,-0.2922726914997059,2.4857025035731226,2.8908567877732376,1.9366000315954415,2.733622519952005,2.148369223454916,44.94852999999421,8.985903999993752,8.985903999993752,8.985903999993752,2.2156821129445534
SDSS-II,3377,Ia,Ia,0.2451000064611435,REDSHIFT_HELIO,0.1023000031709671,82N,82N,1,90,False,False,False,False,False,14,14,14,1,53628.423772,53686.382586,False,False,False,2.5118699848160357,2.414041717129639,0.11245702517552406,2.6678823572034602,-0.03355074815683628,-0.2728735934587147,2.2493923122090873,2.693419135980414,0.0,2.463549580046874,1.940740622563074,57.9588139999978,15.995543999997608,15.995543999997608,15.995543999997608,2.0782725433148674
SDSS-II,3451,Ia,Ia,0.24984100461006165,REDSHIFT_HELIO,0.05609999969601631,82N,82N,2,85,False,False,False,False,False,10,13,12,1,53635.213106,53702.153382,False,False,False,2.588854099034225,2.386419387369624,0.13425356134279176,2.7175123956590572,0.08072494376475425,-0.11018031565055833,2.3140674614255223,2.634275682319894,0.0,2.5221702589469555,1.9827549349778615,66.9402759999939,19.01889599999413,8.985179999996035,8.985179999996035,2.0658830042343963
SDSS-II,3452,Ia,Ia,0.23113800585269928,REDSHIFT_HELIO,0.05900000035762787,82N,82N,0,85,False,False,False,False,False,11,12,14,1,53635.214791,53693.160227,False,False,False,2.610990013847497,2.4488157820760583,0.040104542960739016,2.7071100839802655,-0.022525355266820854,-0.04947565113990533,2.3415837928496366,2.6642469701874143,0.0,2.541279620322731,1.9875043826086467,57.94543600000179,8.985186999998405,19.01890999999887,8.985186999998405,2.0266789664908518
SDSS-II,3592,Ia,Ia,0.08657799661159515,REDSHIFT_HELIO,0.02969999983906746,82N,82N,0,84,False,False,False,False,False,18,19,19,17,53616.367354,53704.269318,False,False,False,3.2306353675214052,3.13332759053624,-0.15922266658107953,3.352165129019334,-0.24617307182290185,-0.3289217767769256,3.067190753926173,3.4757379920481384,2.5296303300725587,3.3115461789684355,2.7904533019241,87.90196399999695,25.00840700000117,25.00840700000117,27.956186999996135,2.910136466506475
SDSS-II,3818,CC,II,0.050533998757600784,REDSHIFT_HELIO,0.02500000037252903,82S,82S,0,68,False,False,False,False,False,14,14,15,14,53622.36704,53705.255681,False,False,False,3.0803233973636748,2.9909673850693883,-0.06565997839278936,3.1158500466033114,0.16757389644731174,-0.09660748388539209,2.8801105619929173,3.0695237959312003,2.117795335225571,3.0354097107153324,2.411602823545435,82.88864100000501,56.95655600000464,74.9039300000004,17.955346000002464,1.8863070520271321
SDSS-II,3901,Ia,Ia,0.06286100298166275,REDSHIFT_HELIO,0.025100000202655792,82N,82N,0,80,False,False,False,False,False,16,16,15,15,53637.319659,53704.257384,False,False,False,3.573946719101079,3.5130887775944504,0.04345670654060194,3.654089876330576,-0.4216626280683843,-0.2516682543409186,3.392511634751042,3.798867402798818,2.899730987388318,3.595672560026841,3.009396297202424,66.93772499999614,17.027061000000685,17.027061000000685,25.98781400000007,3.27592265637982
SDSS-II,4046,Ia,Ia,0.2770000100135803,REDSHIFT_HELIO,0.03500000014901161,82N,82N,0,80,False,False,False,False,False,7,11,13,1,53635.270041,53680.216375,False,False,False,2.5219352831215884,2.274269140060348,0.2676658454261781,2.4750752534625846,0.011401705895315481,0.1394264528363489,2.2393709903827173,2.5003462849932405,0.0,2.2550794380077392,1.7859607620273834,44.946334000000206,8.985450000000128,19.019864999994752,8.985450000000128,1.9219951484447901
SDSS-II,4524,Ia,Ia,0.06159999966621399,REDSHIFT_HELIO,0.12129999697208405,82N,82N,0,88,False,False,False,False,False,18,18,18,18,53639.447847,53704.343195,False,False,False,4.1712181599518,4.087079165233628,0.27505219348700166,4.19202717292957,0.07534501376564513,-0.06097382229439022,3.9454603737563327,4.160429224629882,3.560265963006494,4.087464445461031,3.5686273507191446,64.8953479999982,43.96948100000009,40.910815999995975,35.90313899999455,3.5128818579196905
SDSS-II,5103,Ia,Ia,0.1619890034198761,REDSHIFT_HELIO,0.02850000001490116,82N,82N,0,84,False,False,False,False,False,12,15,15,4,53639.323672,53704.214767,False,False,False,2.6498603763530566,2.6061742039055673,0.14716527921611833,2.8491306251807202,-0.14116813282928545,-0.5605865921702442,2.499353675342992,2.8980501955443154,1.8096449780396895,2.7758215602257517,2.278623367084978,64.89109499999904,23.941896000003908,16.929002000004402,14.981343999999808,2.3514092529417514
SDSS-II,5350,Ia,Ia,0.1754000037908554,REDSHIFT_HELIO,0.19329999387264252,82S,82S,0,63,False,False,False,False,False,6,10,9,3,53645.194185,53705.065338,False,False,False,2.7000630582318714,2.4640108720960887,0.22135221371557992,2.6770865758833615,-0.10661964972197116,0.11390419215276737,2.4471476985268783,2.6850337466691947,1.3853853513871253,2.4944328944811662,2.0099043882123984,59.87115300000005,41.92749300000287,9.911441999996896,20.89912899999763,2.1611558307322762
SDSS-II,5395,Ia,Ia,0.11699999868869781,REDSHIFT_HELIO,0.0723000019788742,82S,82S,0,100,False,False,False,False,False,19,19,18,11,53646.481091,53705.356673,False,False,False,3.1056838711535066,3.042447216205182,0.09647329219669964,3.1618320147148187,-0.24136576542079757,-0.17249476037320266,2.952911680442728,3.2414294317496313,2.443510865032372,3.0497605730363366,2.4827833607930216,58.87558200000058,17.93665399999736,17.93665399999736,17.0014880000017,2.68987275267675
SDSS-II,5549,Ia,Ia,0.12124200165271759,REDSHIFT_HELIO,0.03359999880194664,82N,82N,0,84,False,False,False,False,False,13,13,13,10,53654.31422,53704.224149,False,False,False,2.9166697120038036,3.013494491476799,0.04281167263331199,3.0974585993410866,-0.2545603267736142,-0.4351556688964158,2.916855063897744,3.1958526121884345,2.221162273746642,2.9430589963313643,2.4683707667291213,49.909929000001284,44.947996000002604,12.030582999999751,12.030582999999751,2.6513747462219373
SDSS-II,5550,Ia,Ia,0.15629099309444427,REDSHIFT_HELIO,0.028200000524520874,82N,82N,0,84,False,False,False,False,False,13,13,13,12,53654.315475,53704.22543,False,False,False,2.982289318326202,2.9390001695241,-0.09423219308261419,2.993497959703508,-0.2152477558105748,-0.14408696969883328,2.9218844757459825,3.077919969392596,2.2526649455348293,2.8920277942310197,2.3904244288203405,49.909954999995534,8.960598999998183,15.954382999996596,20.91899199999898,2.5444748685579963
SDSS-II,5736,Ia,Ia,0.2529999911785126,REDSHIFT_HELIO,0.03779999911785126,82N,82N,0,152,False,False,False,False,False,18,18,22,1,53654.368666,53705.281139,False,False,False,2.654907784116898,2.4237490696688053,0.16912898470048707,2.5701458268383717,0.0814399151632719,0.23504704964367282,2.275798750920082,2.5451338409086537,0.0,2.401331611250289,1.8790132430043498,50.91247299999668,13.950677000000724,13.950677000000724,8.960863000000245,1.7588104773216835
SDSS-II,5751,Ia,Ia,0.13055500388145447,REDSHIFT_HELIO,0.021700000390410423,82N,82N,0,80,False,False,False,False,False,13,13,13,10,53654.337585,53704.248048,False,False,False,2.8405389195325186,2.9145559215790673,0.31174516127943924,2.982298374492092,-0.31325750490156024,-0.3981830281134472,2.728426206372947,3.101104091433704,2.0077267086423247,2.8186085289065708,2.3068662594474296,49.91046300000016,15.954999000001408,8.96071099999972,12.030739000001631,2.529622279031564
SDSS-II,6057,Ia,Ia,0.06707199662923813,REDSHIFT_HELIO,0.1168999969959259,82N,82N,0,92,False,False,False,False,False,16,16,16,15,53657.426671,53704.363705,False,False,False,3.273556819177484,3.3120290514500015,0.23456652359893532,3.3773572611505753,-0.3218389557318764,-0.2732177386557189,3.1354989860064033,3.5173265613607403,2.5083426156453474,3.249746091789943,2.7189613205426517,46.93703400000231,30.008826999997837,9.054975999999442,9.054975999999442,2.9289525883572716
SDSS-II,6192,Ia,Ia,0.27247101068496704,REDSHIFT_HELIO,0.047200001776218414,82N,82N,0,82,False,False,False,False,False,7,7,7,1,53663.233486,53680.198935,False,False,False,2.7897569322852864,2.3490081782665357,0.2984241244515429,2.409966900688309,-0.048046731007262804,1.0442358154100937,2.2080380440758924,2.4139364940928623,0.0,1.9979976071153023,1.5138150487529187,16.96544900000299,4.989155000002938,13.979187000004458,6.993647000002966,1.642549042044696
SDSS-II,6295,Ia,Ia,0.07956299930810928,REDSHIFT_HELIO,0.03200000151991844,82N,82N,0,84,False,False,False,False,False,11,12,12,9,53657.347541,53704.28243,False,False,False,3.0251009610468134,2.684067748543671,0.5352755299121371,2.973501923805894,0.05702252683232532,0.05485418649390046,2.3916326933769496,2.9516094737293344,2.26098574311802,2.905860612459271,2.4430005461690114,46.934888999996474,10.973883999999089,9.054563999998209,10.973883999999089,2.457326298289469
SDSS-II,6304,Ia,Ia,0.19093400239944458,REDSHIFT_HELIO,0.021900000050663948,82N,82N,0,91,False,False,False,False,False,11,13,13,2,53663.33993,53704.290545,False,False,False,2.608022986345994,2.5888274215636318,0.1507933133776035,2.711115173746837,-0.012639122595927536,-0.24379017181662582,2.525837246895993,2.709405659905403,0.7570159564400664,2.4707925555325523,2.0351871301436226,40.95061500000156,3.0701029999981984,4.989433999995526,13.97993399999541,2.085133621054176
SDSS-II,6406,Ia,Ia,0.12448800355195999,REDSHIFT_HELIO,0.07530000060796738,82S,82S,0,100,False,False,False,False,False,17,17,17,10,53663.472737,53705.346561,False,False,False,2.938569744007154,3.005940694798223,0.06884457978400757,3.095057729933721,-0.22843480423461493,-0.3473526723536671,2.9254880331608457,3.1626689279649245,2.1932416987122436,2.8708426961636593,2.34932165209541,41.87382400000206,5.894756000001507,12.968290000004345,12.968290000004345,2.5249240350524764
SDSS-II,6422,Ia,Ia,0.18645499646663666,REDSHIFT_HELIO,0.04019999876618385,82S,82S,0,80,False,False,False,False,False,13,13,14,2,53655.224835,53705.185155,False,False,False,2.6384892569546374,2.7441918470858186,-0.075180013068714,2.858332617831326,-0.13959931718830507,-0.5409899642212014,2.713411703200869,2.9056447793293723,1.1506030829705232,2.6516946225787064,2.207201626893934,49.96031999999832,13.983444999998028,16.06799299999693,13.983444999998028,2.341080225157715
SDSS-II,6558,Ia,Ia,0.057385001331567764,REDSHIFT_HELIO,0.03869999945163727,82S,82S,0,68,False,False,False,False,False,11,11,11,11,53664.340617,53705.277728,False,False,False,3.64277602244356,3.7703811923097805,-0.024595052006611252,3.707679143530651,-0.504119047021173,-0.13260107075120428,3.7338087643749556,3.9032528168939584,2.907593002783114,3.4331951402646697,2.988015826767682,40.93711099999928,12.032653999995091,7.044045999995433,9.943299999998999,3.2737458598703313
SDSS-II,6773,Ia,Ia,0.09030000120401382,REDSHIFT_HELIO,0.13660000264644623,82N,82N,1,66,False,False,False,False,False,9,12,10,6,53623.151872,53703.079665,False,False,False,3.286389086262089,3.170542833133996,0.06610438788891015,3.3189768729644586,-0.2855456440119606,-0.06368212710508589,3.140709809581236,3.409759027725221,2.6377034149614422,3.2710233148195944,2.748839354741633,79.92779299999529,56.92330399999628,53.93665399999736,56.92330399999628,2.886909844334857
SDSS-II,6933,Ia,Ia,0.21299999952316284,REDSHIFT_HELIO,0.023600000888109207,82N,82N,0,80,False,False,False,False,False,10,11,11,2,53666.367496,53704.247638,False,False,False,2.5631249748347527,2.553450500464193,0.024017385997995126,2.738725073563169,-0.04031464285254368,-0.375223789408676,2.4940919502363172,2.7289945858527633,1.2272437815030626,2.5543316407765406,2.0216809057596876,37.8801420000018,10.909993000001123,13.896334999997634,10.909993000001123,2.060033633306034
SDSS-II,6936,Ia,Ia,0.18021200597286224,REDSHIFT_HELIO,0.04619999974966049,82S,82S,0,72,False,False,False,False,False,11,11,11,1,53664.175855,53705.111062,False,False,False,2.719596430104954,2.629614375182706,-0.06360445588726044,2.8511298629769866,0.09480148147799335,-0.19973702805518573,2.5796526633404926,2.802130354688973,0.0,2.766829075518731,2.271992430833652,40.935207000002265,9.94264899999689,16.994700999995985,15.003422000001592,2.1676684316327215
SDSS-II,7017,Ia,Ia,0.26899999380111694,REDSHIFT_HELIO,0.027000000700354576,82N,82N,0,95,False,False,False,False,False,14,14,14,10,53663.35314,53704.304022,False,False,False,3.018646414452733,2.8143103984904183,0.219567034311126,2.9815014826161104,0.023061767652596148,0.03924273679783547,2.7168127207802284,2.959203638699867,2.2525959096990884,2.867172742180947,2.3305693838927386,40.950881999997364,20.02547300000151,24.020345999997517,22.966174000001047,2.279745621925294
SDSS-II,7147,Ia,Ia,0.11021699756383896,REDSHIFT_HELIO,0.04320000112056732,82N,82N,0,82,False,False,False,False,False,9,10,10,5,53668.226856,53704.186508,False,False,False,3.1418791504732817,2.9605549639482707,-0.03612980259209166,3.1246476426864636,-0.15813418234452734,-0.1268551144595876,2.943416469886572,3.20984462630069,2.4225571806015886,2.966014923691171,2.5367704180420296,35.95965199999773,33.97232400000212,11.976731000002474,11.976731000002474,2.635682100633543
SDSS-II,7243,Ia,Ia,0.2046169936656952,REDSHIFT_HELIO,0.10040000081062317,82S,82S,0,76,False,False,False,False,False,9,10,7,2,53669.14822,53705.124808,False,False,False,2.679627736225863,2.4723190103765824,0.11287331662138146,2.6991089595189433,0.0003961084623677473,-0.11606172656053432,2.435334625159959,2.6806345990220453,1.9246152299242034,2.4281185976104815,2.003923410369631,35.97658799999772,12.036086000000068,15.994693000000552,15.994693000000552,2.106707812932824
SDSS-II,7473,Ia,Ia,0.2160000056028366,REDSHIFT_HELIO,0.024700000882148743,82S,82S,0,64,False,False,False,False,False,10,10,10,3,53622.340447,53705.228361,False,False,False,3.395389323184315,2.552152108169367,-0.001353524795778517,2.669484235524375,-0.09790500953158186,0.9999939076860231,2.5169106763341853,2.699022114426853,2.9945011176165113,2.3769964429519552,1.9187451409547127,82.887913999999,0.0,53.98404499999742,58.947025000001304,2.0308870200395712
SDSS-II,7876,Ia,Ia,0.07602299749851227,REDSHIFT_HELIO,0.03060000017285347,82N,82N,0,84,False,False,False,False,False,11,10,9,9,53639.376954,53704.269743,False,False,False,3.342106696087439,3.3884695928709094,-0.0020728289258656186,3.458533614693545,-0.41072196411211626,-0.29311481561323105,3.335487443032063,3.6444957114999252,2.7679688159177243,3.3917658363881027,2.8792515149791047,64.89278899999772,40.90918100000272,40.90918100000272,46.90795100000105,3.126922283835636
SDSS-II,8213,Ia,Ia,0.18611200153827667,REDSHIFT_HELIO,0.028200000524520874,82N,82N,0,80,False,False,False,False,False,9,9,8,1,53668.248002,53704.207866,False,False,False,2.59823222761617,2.4154018654753666,0.26094651706510036,2.6782907017180433,0.13564202479050208,-0.08752807295990084,2.2594133519832744,2.6174826137067875,0.0,2.484057708692678,2.0067264359950174,35.95986399999674,11.976824999997916,11.976824999997916,11.976824999997916,2.0253541654776606
SDSS-II,8679,CC,II,0.29440000653266907,REDSHIFT_HELIO,0.030899999663233757,82N,82N,0,80,False,False,False,False,False,10,9,8,1,53668.297234,53704.257824,False,False,False,2.5618285582402445,2.2633703933891005,0.06131764957171195,2.3313665542576634,-0.1342636505437347,0.6523129043289271,2.170516937041852,2.3947317868784346,0.0,1.9929951051659023,1.5357925032986284,35.96059000000241,11.977112000000488,11.977112000000488,11.977112000000488,1.5769419171295664
SDSS-II,8719,Ia,Ia,0.11756599694490433,REDSHIFT_HELIO,0.023099999874830246,82S,82S,0,64,False,False,False,False,False,8,8,8,5,53674.24488,53705.23816,False,False,False,3.044061314144,3.018027111501757,0.012977021635401449,3.0786633837188355,-0.338489946881895,-0.43544561356985234,3.0055526452250962,3.201050091066876,2.369756290403771,3.000850360534814,2.5223987388001263,30.993280000002414,11.011036000003514,11.011036000003514,23.008194000001822,2.6854339038024464
SDSS-II,8921,Ia,Ia,0.14538699388504028,REDSHIFT_HELIO,0.05730000138282776,82N,82N,0,82,False,False,False,False,False,9,7,8,4,53673.127985,53704.11498,False,False,False,2.8462566767567528,2.8031897536049963,0.0645147217036333,2.9231196255971392,-0.22086611514944146,-0.24330570396836476,2.7316129343991706,3.0343476780401075,2.151981692869281,2.814067719930182,2.316862067873335,30.986994999999297,30.0085240000044,20.004785999997694,20.004785999997694,2.525779036927481
SDSS-II,9032,Ia,Ia,0.2540000081062317,REDSHIFT_HELIO,0.06199999898672104,82N,82N,0,87,False,False,False,False,False,7,7,8,1,53673.164745,53704.1518,False,False,False,2.483216298463357,2.336156568297487,0.35603170258013767,2.5981993672728456,0.24336400066159658,-0.21579356249085585,2.197564086921702,2.5095385335524316,0.0,2.4442478195941932,1.9594304971723078,30.98705499999778,4.0176009999995586,26.02516900000046,13.070205999996688,1.9013322681328517
SDSS-II,9118,CC,Ic,0.13379999995231628,REDSHIFT_HELIO,0.09880000352859497,82S,82S,0,96,False,False,False,False,False,9,8,8,6,53674.354527,53705.349577,False,False,False,3.015418446027478,2.7779910688481624,0.5200353437269473,2.9771014397070528,0.1564716466330734,-0.14870765921838167,2.511921965799718,2.947213081404024,2.2264611138521966,2.839446628838844,2.3834068332164526,30.99504999999772,26.00836299999355,22.018480999999156,12.9556339999981,2.3099663496463245
SDSS-II,9273,CC,Ic,0.09882599860429764,REDSHIFT_HELIO,0.0560000017285347,82N,82N,0,84,False,False,False,False,False,7,7,8,4,53677.144273,53704.113696,False,False,False,3.0436569480416416,2.527213626949361,0.3778581733312667,2.983098326546335,0.48580706633864595,0.3021482817525708,2.3116509532408083,2.742583752371332,2.1920633277866326,2.9266099490744644,2.3578946678375337,26.96942300000228,24.98166299999866,22.007094000000507,15.986784000000625,2.1050027568077936
SDSS-II,9457,Ia,Ia,0.25822898745536804,REDSHIFT_HELIO,0.08160000294446945,82N,82N,0,86,False,False,False,False,False,5,7,6,1,53626.225065,53704.145833,False,False,False,2.608868207649021,2.2919647491300768,0.47473474104464203,2.4730634052260503,0.011152523911288459,0.5409810423859815,2.086544901880162,2.40674449792282,0.0,2.2293233821018137,1.7344060486768,77.92076800000359,0.0,66.93857600000047,75.93344300000172,1.7404526531344173
SDSS-II,10096,Ia,Ia,0.07764899730682373,REDSHIFT_HELIO,0.027400000020861626,82N,82N,0,91,False,False,False,False,False,5,5,6,4,53680.314603,53704.298542,False,False,False,3.0210651770008106,2.9011421633175662,0.48568964936737485,3.045076415435681,-0.06448655106516323,-0.049548712041425906,2.7277835444539322,3.052736248129379,2.0770560081209015,2.959389640698409,2.4760796005503147,23.983938999997918,13.001302000004216,13.001302000004216,17.998428999999305,2.5677004879274614
SDSS-II,10297,CC,II,0.14829300343990326,REDSHIFT_HELIO,0.07199999690055847,82N,82N,0,91,False,False,False,False,False,4,3,3,1,53686.243118,53704.159986,False,False,False,2.6224419949025846,2.497298313509537,-0.1229151061053494,2.594999903261413,0.09568183727867124,0.21804470929392109,2.5052755019473514,2.539527712603931,0.0,1.9279346379327436,1.5712330254315519,17.91686800000025,6.934669000002032,6.934669000002032,6.934669000002032,1.4129562410470489
SDSS-II,10434,Ia,Ia,0.10416100174188614,REDSHIFT_HELIO,0.09380000084638596,82S,82S,0,76,False,False,False,False,False,7,6,6,4,53679.198545,53705.129884,False,False,False,2.938974781981528,3.056046839324693,-0.036422230208456315,3.1486365782192745,-0.28200511327486755,-0.4666343187348828,3.0166507680730468,3.2546230048333333,1.9760821273455758,3.065426575991082,2.5781988611791182,25.93133900000248,25.93133900000248,20.945380999997724,20.945380999997724,2.737091344378226
SDSS-II,10449,Ia,Ia,0.24202699959278107,REDSHIFT_HELIO,0.057100001722574234,82S,82S,0,80,False,False,False,False,False,5,6,5,1,53681.209944,53705.150445,False,False,False,2.5990857583650895,2.4895389757993804,0.2865234906958011,2.73071767796174,-0.009170316126544075,-0.10135331615805296,2.4110739705098876,2.664651384947648,0.0,2.4544484658068506,1.9586297025154418,23.94050099999731,23.94050099999731,18.954119999994873,18.954119999994873,2.1401916720069973
SDSS-II,10907,CC,II,0.08471299707889557,REDSHIFT_HELIO,0.024900000542402267,82N,82N,0,84,False,False,False,False,False,4,4,4,4,53693.243534,53704.225857,False,False,False,2.990778251345324,2.85642223467412,-0.06528171453603632,2.975900326972572,0.20702468593780243,-0.08962255968125116,2.8782474063269925,2.87926220941114,2.252299098909893,2.1133751142621544,1.6785212953733075,10.98232299999654,6.020387999997183,6.020387999997183,0.0,1.5972711220854567
SDSS-II,11067,Ia,Ia,0.11775799840688705,REDSHIFT_HELIO,0.0364999994635582,82S,82S,0,88,False,False,False,False,False,5,5,5,4,53676.406258,53705.311219,False,False,False,3.068241546018185,3.1649550935549606,-0.08178091895124763,3.204217683947732,-0.38775271795944477,-0.40157360129858066,3.1936087285280848,3.364976642836089,2.4869068558103056,3.1100338535671193,2.7415642809313656,28.904961000000185,20.919635999998718,28.904961000000185,28.904961000000185,2.9571707179832787
SDSS-II,11300,Ia,Ia,0.13684199750423431,REDSHIFT_HELIO,0.019899999722838402,82N,82N,0,82,False,False,False,False,False,4,4,4,3,53693.252013,53704.23436,False,False,False,2.7369937443811767,2.936469760950498,0.16112605995394672,2.969103600642453,-0.06844830504733694,-0.6319433090579946,2.886716270675768,2.972790460354316,1.6716841209840367,2.4520779172339378,2.021139065543045,10.982347000004665,6.020402000001923,6.020402000001923,10.982347000004665,2.0406507740446194
SDSS-II,12779,Ia,Ia,0.07994800060987473,REDSHIFT_HELIO,0.09610000252723694,82N,82N,0,88,False,False,False,False,False,17,21,16,7,53974.166083,54063.084208,False,False,False,3.033576537891,2.664591836850907,0.5142531558832795,3.2118144239463846,-0.11070534782960927,-0.2254480529418985,2.414398164380189,3.3197928986350194,2.39629687129484,3.167559519862838,2.616351100904319,88.91812500000378,22.974465000006603,0.0,0.0,2.6583064297071717
SDSS-II,12781,Ia,Ia,0.08408299833536148,REDSHIFT_HELIO,0.028599999845027924,82N,82N,0,88,False,False,False,False,False,18,22,18,9,53974.325557,54063.243738,False,False,False,3.0331703411553996,2.6162878531717983,0.29145962661151914,3.143039781171122,-0.08004583966392691,-0.1064415295098435,2.4284083988376755,3.181060011327531,2.4377263221801595,3.101334558526592,2.578182085359653,88.91818100000091,0.0,0.0,15.004144000005908,2.598125392634128
SDSS-II,12782,CC,II,0.06800399720668793,REDSHIFT_HELIO,0.02759999968111515,82N,82N,0,176,False,False,False,False,False,44,43,44,43,53974.324328,54068.236425,False,False,False,3.191297265778944,2.996300459346195,0.7512886771667088,3.247401202154932,0.2222500484986265,-0.1768990586200076,2.6088137818513513,3.17546251206912,2.23827672699194,2.880625001215719,2.251033308481453,93.91209700000036,0.9936559999987367,0.9936559999987367,72.97244499999942,2.3278557457258158
SDSS-II,12841,Ia,Ia,0.2934879958629608,REDSHIFT_HELIO,0.04650000110268593,82N,82N,0,92,False,False,False,False,False,4,6,6,1,53974.199294,54009.155099,False,False,False,2.531095562476287,2.166878876374512,0.6085088844084624,2.347115253649479,-0.0654095799943594,0.631489433005912,1.9951633556491417,2.3915349306317695,0.0,2.02978946464436,1.6228370276043003,34.95580500000506,0.0,15.007607999999891,0.0,1.829229501091552
SDSS-II,12842,CC,II,0.08869999647140503,REDSHIFT_HELIO,0.051500000059604645,82N,82N,0,91,False,False,False,False,False,22,23,22,22,53974.205149,54063.12395,False,False,False,3.134240860379283,3.0633521270726494,-0.021874555045964972,3.184623303621753,-0.18967972910518582,-0.13813105171702578,2.995645761458806,3.342584537549748,2.344655543884158,2.9505108870446692,2.471299638757063,88.9188009999998,22.97529499999655,22.97529499999655,76.92298599999776,2.6267508098641583
SDSS-II,12843,Ia,Ia,0.16725300252437592,REDSHIFT_HELIO,0.045099999755620956,82N,82N,0,89,False,False,False,False,False,8,18,12,3,53974.206402,54060.156935,False,False,False,2.625826713285711,2.383378463840165,0.31909711214997327,2.7775355813496936,-0.08805976616564593,-0.2459093699108923,2.338075333383598,2.844091796715025,1.2777342780553194,2.677880605163854,2.178270927293086,85.95053299999563,0.0,15.007665999997698,15.007665999997698,2.2376042326839882
SDSS-II,12844,CC,Ic,0.07049799710512161,REDSHIFT_HELIO,0.11129999905824661,82N,82N,0,92,False,False,False,False,False,13,20,19,15,53974.176215,54063.094416,False,False,False,3.0630029123827014,2.619615004947271,0.6852936816187206,3.0238859598970067,0.12601724740709883,0.1428867690825516,2.330626028247188,2.967997024423931,2.3542395364271065,2.938984810813087,2.38091902469349,88.91820100000041,15.007433999999193,14.988515999997617,15.007433999999193,2.3805832497683457
SDSS-II,12851,Ia,Ia,0.24500000476837158,REDSHIFT_HELIO,0.04839999973773956,82S,82S,0,168,False,False,False,False,False,6,10,14,2,53975.262623,54020.221142,False,False,False,2.5601099820833557,2.1338421713937357,0.6578629450763671,2.4344890826453844,0.04147623965343168,0.4213848923842124,1.9499751819193578,2.5559283668013566,0.7899336828798197,2.231291170539883,1.6855208467185256,44.9585189999998,14.010048999996798,0.0,0.0,1.9247225718403194
SDSS-II,12855,Ia,Ia,0.1720000058412552,REDSHIFT_HELIO,0.05209999904036522,82N,82N,1,83,False,False,False,False,False,7,11,11,3,53989.232134,54055.155465,False,False,False,2.984716283894105,2.511861494742854,0.17395106238559604,2.7343197004071125,-0.01172541926739275,0.1563469587986119,2.4840862080531108,2.726596841517952,2.4306091625980843,2.6171472105255726,2.1668738197256268,65.92333100000542,64.94569700000284,7.967304000005242,10.974985000000743,2.2020590679352154
SDSS-II,12856,Ia,Ia,0.1716729998588562,REDSHIFT_HELIO,0.049800001084804535,82N,82N,0,83,False,False,False,False,False,14,16,16,2,53989.239263,54060.182707,False,False,False,2.687145335061223,2.6540910728093468,0.025036275042158284,2.885525168062737,-0.2199113145413584,-0.4688925450366769,2.6116558024269914,2.961601421676707,1.017659630597821,2.798056439216372,2.31711123713173,70.94344399999682,0.0,5.989034999998694,5.989034999998694,2.4717382136583796
SDSS-II,12860,Ia,Ia,0.12167900055646896,REDSHIFT_HELIO,0.06509999930858612,82N,82N,0,87,False,False,False,False,False,12,19,15,6,53989.213632,54063.12488,False,False,False,2.893106780139878,2.6118043353677094,0.24253203763192122,2.9403122522001732,-0.07002594819206964,-0.22754378316090537,2.509268622957655,2.993973792636765,2.086483252946586,2.8679563286053957,2.3940662271792896,73.91124800000398,0.0,5.988956000001053,5.988956000001053,2.4597498188695406
SDSS-II,12869,Ia,Ia,0.2795329988002777,REDSHIFT_HELIO,0.13300000131130219,82N,82N,0,90,False,False,False,False,False,4,6,7,1,53989.224162,54041.154585,False,False,False,3.2647352105517085,2.1479544274742026,-0.7624835670045649,2.3584107862063366,0.12188899461988556,2.4404010038713637,2.4409169573307277,2.3386755789685174,0.0,2.09419152917732,1.6170466842204503,51.93042299999797,51.93042299999797,0.0,0.0,1.6345831663216042
SDSS-II,12881,Ia,Ia,0.23810899257659912,REDSHIFT_HELIO,0.023499999195337296,82N,82N,0,92,False,False,False,False,False,7,11,11,1,53974.338561,54031.272742,False,False,False,2.5488805551474805,2.3440330399412925,0.100806951472458,2.684297674975493,0.12810185787043402,-0.21154160233615546,2.314992147202907,2.6278776945799716,0.0,2.519486749313832,1.9769587447748806,56.93418100000417,15.00384500000655,31.926588000002084,3.0487100000027567,2.070726857282861
SDSS-II,12898,Ia,Ia,0.08358100056648254,REDSHIFT_HELIO,0.03269999846816063,82N,82N,0,80,False,False,False,False,False,19,20,19,15,53989.38763,54063.304438,False,False,False,3.5507345178359286,3.0858652756902933,0.189497073827399,3.3065794096403174,-0.36142972981235816,0.13467893696244151,2.890981646399836,3.4489458188560627,2.855485334261836,3.244529447683673,2.7632508062024472,73.91680800000177,16.923155000004044,18.026482000001124,16.923155000004044,2.947157938901172
SDSS-II,12907,Ia,Ia,0.13204200565814972,REDSHIFT_HELIO,0.03290000185370445,82N,82N,1,80,False,False,False,False,False,9,9,12,6,53989.370564,54063.28669,False,False,False,2.879273690161296,2.743994664382693,0.018528313508857124,2.9451089958413816,-0.08525340027413204,-0.1152772843476469,2.669825998378443,3.0111643085385853,2.076917760782755,2.869178908025294,2.379862594861925,73.91612600000371,10.975822000000335,6.014709000002767,6.014709000002767,2.443799246939715
SDSS-II,12927,Ia,Ia,0.1897760033607483,REDSHIFT_HELIO,0.03689999878406525,82N,82N,0,80,False,False,False,False,False,11,16,12,5,53989.428436,54060.378052,False,False,False,2.7436116668576678,2.5068118725387585,0.21282300375770835,2.8167382992623913,-0.18536602574383637,-0.21528705098526366,2.3722406291295495,2.897649068249149,1.909226795880268,2.7139774877877585,2.2132413636349693,70.94961599999806,0.0,0.0,0.0,2.3224438157424543
SDSS-II,12928,Ia,Ia,0.1396999955177307,REDSHIFT_HELIO,0.10100000351667404,82N,82N,0,92,False,False,False,False,False,7,16,11,7,53974.153464,54048.083358,False,False,False,2.8405389195325186,2.449586382573289,0.3962588267537437,2.8891279513293853,-0.16809301482121125,0.10975802397304524,2.4044574021487892,2.9927787843507843,2.011900731070227,2.8169170826876777,2.248017769612853,73.92989400000079,0.0,0.0,0.0,2.3478898308246
SDSS-II,12930,Ia,Ia,0.14716799557209015,REDSHIFT_HELIO,0.07460000365972519,82N,82N,0,88,False,False,False,False,False,14,17,15,3,53974.166534,54063.084577,False,False,False,2.6565868771469425,2.5509265540943034,0.23465635011982733,2.8447318207824286,-0.25036104615994137,-0.45235714415741485,2.3763188087427416,2.941213199725111,1.5863381848616875,2.755714806213216,2.2654084241499457,88.91804299999785,0.0,0.0,0.0,2.400762139732487
SDSS-II,12950,Ia,Ia,0.08273400366306305,REDSHIFT_HELIO,0.04390000179409981,82N,82N,0,80,False,False,False,False,False,19,19,19,15,53989.291767,54063.204896,False,False,False,3.2948100112943925,3.0246515613641742,-0.035755540854439674,3.3209746013178156,-0.23328387656800276,-0.17184721120098106,2.8964728356963003,3.4041612483743062,2.608721624153649,3.2732050507215003,2.781790898784551,73.91312900000048,8.095446999999695,8.095446999999695,10.975330000001122,2.9038880270433602
SDSS-II,12971,Ia,Ia,0.23523999750614166,REDSHIFT_HELIO,0.021400000900030136,82S,82S,0,88,False,False,False,False,False,8,12,12,3,53975.32246,54053.260989,False,False,False,2.6279390721239455,2.3887700117721167,0.4046899850138803,2.693498304117976,-0.23856603756249786,-0.00885137722769742,2.246910777594503,2.748575616930992,1.6198869664736102,2.5718485141792686,1.975054320960802,77.93852899999911,0.0,0.0,0.0,2.167063730508574
SDSS-II,12991,CC,II,0.15485599637031555,REDSHIFT_HELIO,0.0729999989271164,82S,82S,0,87,False,False,False,False,False,20,22,22,7,53975.352115,54068.272603,False,False,False,2.8707256952847424,2.466094823717593,0.6640491378939674,2.6903024205128827,0.27074921973302907,0.40536676801271954,2.193747753867681,2.581505937124311,2.250979650415505,2.421488745708688,1.7968634775447492,92.92048799999611,85.94651100000192,73.97601500000019,80.9415880000015,1.717803769372581
SDSS-II,13005,Ia,Ia,0.1272840052843094,REDSHIFT_HELIO,0.03350000083446503,82S,82S,0,96,False,False,False,False,False,12,13,12,2,53975.378771,54062.319922,False,False,False,2.726229901378612,2.433320477821022,0.5711108008609042,2.813934437327772,-0.09762515028837843,-0.0635635693534412,2.1514285882660342,2.965196991156412,1.3993275638658924,2.728361926105966,2.2383170603478857,86.94115099999908,19.024165999995603,0.0,0.0,2.345479205806082
SDSS-II,13038,Ia,Ia,0.10400000214576721,REDSHIFT_HELIO,0.038600001484155655,82S,82S,0,84,False,False,False,False,False,21,21,20,12,53975.270847,54062.207679,False,False,False,2.838086819457377,2.9070587728930093,0.17974939943916823,3.174626653333545,-0.4870186442562595,-0.8056924829006908,2.7179647656176757,3.348581306093947,2.0049052853419473,3.121517151020583,2.557988356285046,86.93683199999941,47.0080569999991,18.068038999997952,18.068038999997952,2.7847815336170703
SDSS-II,13044,Ia,Ia,0.12588299810886383,REDSHIFT_HELIO,0.0471000000834465,82S,82S,0,95,False,False,False,False,False,18,20,17,13,53993.296242,54062.163996,False,False,False,3.2583163594598625,2.794222022783769,0.009747655770370534,3.04987670096884,-0.2195730828717154,0.11596238087204933,2.716676536107993,3.1510755333665084,2.5354861266903956,2.9856958350345,2.5054104395933194,68.86775400000624,38.872448000001896,4.907197000000451,14.897694999999658,2.620933658668169
SDSS-II,13045,Ia,Ia,0.18060000240802765,REDSHIFT_HELIO,0.051100000739097595,82S,82S,0,88,False,False,False,False,False,7,13,12,1,53993.330973,54061.205759,False,False,False,2.6160867381424464,2.521247753045952,0.20691789108003955,2.7415218687018683,-0.0828515225203322,-0.2737866850900409,2.459932873964302,2.7741518589547103,0.0,2.568506754559421,2.10669166112598,67.87478600000031,28.94032100000186,4.907707000005757,2.9388420000032056,2.238002838672897
SDSS-II,13070,Ia,Ia,0.1986279934644699,REDSHIFT_HELIO,0.026200000196695328,82S,82S,0,88,False,False,False,False,False,13,14,18,1,53975.298377,54053.235898,False,False,False,2.5824383615611373,2.5709813488236866,0.168204035473464,2.7727323298542017,-0.1898730977981891,-0.4319874693785266,2.4654343335966624,2.85887993076657,0.0,2.682045745559871,2.1750596710030643,77.93752099999983,21.007205000001704,18.06830500000069,18.06830500000069,2.3088674055594334
SDSS-II,13072,Ia,Ia,0.23063300549983978,REDSHIFT_HELIO,0.07689999788999557,82S,82S,1,87,False,False,False,False,False,4,10,9,2,53975.235291,54030.186321,False,False,False,2.7893409190494416,2.3032198259101073,0.5754028374228414,2.584172842394161,0.06520341326391133,0.3543124816025272,2.2403120609143645,2.553531070909956,2.0621869501458665,2.413886224222841,1.9941402512160742,54.95103000000381,21.006465000005846,18.06766900000366,21.006465000005846,2.008485314810062
SDSS-II,13135,Ia,Ia,0.10467100143432617,REDSHIFT_HELIO,0.02810000069439411,82N,82N,0,88,False,False,False,False,False,19,21,18,11,53989.326002,54063.240344,False,False,False,3.049303310779478,2.890947161411182,0.025511244147909583,3.1646323626475192,-0.2787285962389693,-0.3085420317464582,2.807526485878445,3.2642178843911402,2.291721488902083,3.117983467600659,2.6418035776888007,73.9143419999964,10.975548999995226,10.975548999995226,16.9225809999989,2.7809423862063145
SDSS-II,13152,Ia,Ia,0.20354799926280975,REDSHIFT_HELIO,0.020600000396370888,82S,82S,0,88,False,False,False,False,False,12,18,18,4,53990.336841,54062.262299,False,False,False,2.6275092470440833,2.5367456710683394,0.10565166579584659,2.8063360072765327,0.011807483520489877,-0.5383517777424671,2.50553999312891,2.802130354688973,1.7097631069194248,2.6923356687343403,2.204633277147597,71.92545800000516,4.010500000003958,14.99329900000157,7.962860000006913,2.270954928037288
SDSS-II,13254,Ia,Ia,0.18074600398540497,REDSHIFT_HELIO,0.043699998408555984,82S,82S,0,104,False,False,False,False,False,10,13,10,1,53994.442208,54053.375762,False,False,False,2.955586729280801,2.335877407226323,0.336375542754096,2.613820699419995,0.01192655295932099,0.9299744842132596,2.1931941880674657,2.623476719685963,0.0,2.490323765263561,1.9710888876477033,58.933554000002914,58.933554000002914,1.9839339999962249,0.0,2.0345106010571925
SDSS-II,13305,Ia,Ia,0.2148119956254959,REDSHIFT_HELIO,0.05260000005364418,82N,82N,0,84,False,False,False,False,False,14,16,14,1,53989.234232,54063.145863,False,False,False,2.6632956529558274,2.4416804085687382,0.18136667184381436,2.706308028935685,-0.017162013358262142,-0.06214030140596124,2.3514263299038514,2.7090069316741965,0.0,2.5551186292932617,2.0627503924150195,73.9116309999954,7.967733999998018,17.95152699999744,22.01289800000086,2.189938982050912
SDSS-II,13327,Ia,Ia,0.28224700689315796,REDSHIFT_HELIO,0.05770000070333481,82N,82N,5,71,False,False,False,False,False,11,11,14,2,53989.255584,54063.167687,False,False,False,2.6653933388245554,2.179243561541889,0.09317932888218859,2.4344890826453844,0.18818374193082194,0.5255314196347323,2.0954514966957376,2.373922957987465,1.6886422248147488,2.1581815517563423,1.7079805898139904,73.91210300000239,0.0,5.989504000004672,5.989504000004672,1.70057133615139
SDSS-II,13354,Ia,Ia,0.1576250046491623,REDSHIFT_HELIO,0.0348999984562397,82N,82N,0,76,False,False,False,False,False,15,19,15,7,53989.390068,54063.306519,False,False,False,2.753935270537847,2.626914945364174,0.1889250225888593,2.9111203018682015,-0.12026605462289028,-0.40315440231519944,2.524697228073903,2.9576024941053385,1.7799897855324303,2.807785246997638,2.301000020429152,73.91645099999732,19.950157999999647,22.014749000001757,19.950157999999647,2.418991157882056
SDSS-II,13355,CC,II,0.05965700000524521,REDSHIFT_HELIO,0.032499998807907104,82N,82N,0,76,False,False,False,False,False,19,19,19,19,53989.389255,54063.306111,False,False,False,3.3505212881672204,3.199934939329479,0.5463529004883823,3.43134126188169,0.3229523202583568,-0.16374123783389255,2.960607450031727,3.2702151883231334,2.446770729342837,3.125035397724053,2.5944092311271243,73.91685599999619,70.94801599999482,73.91685599999619,65.92825599999924,2.4256626787277136
SDSS-II,13370,Ia,Ia,0.19900000095367432,REDSHIFT_HELIO,0.0406000018119812,82N,82N,0,76,False,False,False,False,False,6,9,9,2,53989.388842,54036.324588,False,False,False,2.744026826290449,2.3515343468232324,0.18550891630422373,2.590986641580964,-0.1550217489701269,0.49760330163004823,2.320437102415425,2.597892539627809,1.719745340915261,2.4549819784056517,1.9058611658207971,46.93574600000284,32.01870300000155,6.039055000001099,0.0,2.051662360197199
SDSS-II,13376,CC,II,0.07020000368356705,REDSHIFT_HELIO,0.0348999984562397,82N,82N,1,78,False,False,False,False,False,18,19,19,18,53995.425457,54063.303185,False,False,False,3.045272110579587,2.8206006784386406,-0.006620272648282606,3.0262839801306223,0.22413455755458528,-0.033733156513927894,2.680086107206278,2.9228292259990023,2.1660129545546813,2.6057359201605648,1.9827804428449858,67.87772799999948,25.980026000004727,10.884102000003622,4.9368630000026315,2.0446801274665645
SDSS-II,13411,Ia,Ia,0.16300000250339508,REDSHIFT_HELIO,0.0812000036239624,82S,82S,0,96,False,False,False,False,False,13,16,14,1,53975.180149,54061.120489,False,False,False,2.942623069821156,2.475228861975621,0.2724700245078248,2.775530363454017,-0.032487768913832496,0.521836494470956,2.295847795535793,2.8061256721820773,0.0,2.668180849636208,2.146063767182155,85.94034000000102,0.0,21.005855000003066,21.005855000003066,2.21234427350097
SDSS-II,13449,CC,II,0.07563599944114685,REDSHIFT_HELIO,0.03420000150799751,82S,82S,0,92,False,False,False,False,False,20,22,22,17,53993.372054,54068.221924,False,False,False,3.1020630744677296,2.938794372874272,-0.06860746492278076,3.0986575811688724,-0.020438926384391126,0.006313542313815134,2.954578475321372,3.092710110179979,2.2588876634590194,3.0523553144734654,2.527595111079371,74.84986999999819,46.87968700000056,34.88163599999825,30.973125999997137,2.5465623598098017
SDSS-II,13506,Ia,Ia,0.2446189969778061,REDSHIFT_HELIO,0.031700000166893005,82S,82S,0,92,False,False,False,False,False,5,10,10,1,53990.386644,54030.327792,False,False,False,2.5794406111019943,2.2554823714131476,0.45209034490185207,2.4734723574289013,0.11812523584786837,0.408555522343289,2.131419755838002,2.422343591402068,0.0,2.239799791741482,1.6529498122527935,39.941147999998066,4.010193000001891,21.941570000002685,15.007666999998037,1.7165311501220184
SDSS-II,13511,Ia,Ia,0.23744000494480133,REDSHIFT_HELIO,0.033900000154972076,82S,82S,0,100,False,False,False,False,False,7,9,11,2,53994.438577,54062.356931,False,False,False,2.6279390721239455,2.335752007884774,0.2674183658378145,2.4666452374154493,-0.013322516829964912,0.3257448429706342,2.277776158788069,2.481155853319956,1.6884642519336839,2.3092041861736536,1.7711671654344812,67.91835400000127,67.91835400000127,10.997290999999677,10.997290999999677,1.8366434905522129
SDSS-II,13518,Ia,Ia,0.29899999499320984,REDSHIFT_HELIO,0.031099999323487282,82N,82N,4,76,False,False,False,False,False,5,8,6,1,53989.3612,54063.276928,False,False,False,2.693814859254167,2.1875312983194344,0.6493557431712161,2.2905465447761,0.030065075224540633,1.0837510447368957,1.9229225825568619,2.2673125521020094,0.0,1.720324626570104,1.2775620887702128,73.91572799999994,32.01820199999929,6.01467699999921,18.025817000001553,1.5142204500422622
SDSS-II,13578,Ia,Ia,0.2280000001192093,REDSHIFT_HELIO,0.028999999165534973,82N,82N,1,79,False,False,False,False,False,7,9,11,3,53989.362414,54031.292834,False,False,False,2.736579728296463,2.441826002367723,0.10579870136540084,2.6122220897800914,-0.01039112370887478,-0.01935948955020937,2.4555843830054376,2.6082906365025034,2.066209897746435,2.406931713205189,1.9822922748039211,41.93041999999696,32.01824399999896,16.922528999995848,6.014685999994981,2.0516687622123766
SDSS-II,13610,Ia,Ia,0.29830700159072876,REDSHIFT_HELIO,0.06620000302791595,82N,82N,0,84,False,False,False,False,False,6,8,11,1,53989.22037,54031.147735,False,False,False,2.50968627649738,2.381128621712481,0.20907247063815373,2.4734723574289013,-0.0619723664491863,0.16737443178532452,2.280149475154168,2.4923552190227176,0.0,2.2127467420464173,1.7619408236018985,41.927364999995916,19.948340999995708,17.9509809999945,7.96725499999593,1.7504338657799814
SDSS-II,13641,Ia,Ia,0.20999999344348907,REDSHIFT_HELIO,0.049800001084804535,82N,82N,0,76,False,False,False,False,False,10,14,16,1,53989.273923,54060.217769,False,False,False,2.7021460954069902,2.4947755670877205,0.15778429243686654,2.722321245563702,-0.03185117489685316,-0.006167028992494877,2.455765806116281,2.7469765203194756,0.0,2.604906128119249,2.15059508641446,70.94384600000194,8.095365000001038,18.024915000001783,18.024915000001783,2.175793568004663
SDSS-II,13727,Ia,Ia,0.22663800418376923,REDSHIFT_HELIO,0.10000000149011612,82S,82S,1,91,False,False,False,False,False,12,12,13,1,53996.192789,54061.127373,False,False,False,2.5678494649129666,2.4865166710539053,0.29192094290957504,2.6470600768054604,-0.0729796865877242,-0.14571457526951775,2.3213912804194523,2.6814311919323046,0.0,2.4613184298705706,1.9903197407382769,64.93458400000236,1.9683710000026622,11.958687999998801,15.945942999998806,2.1008179981815256
SDSS-II,13736,Ia,Ia,0.15020699799060822,REDSHIFT_HELIO,0.0681999996304512,82S,82S,0,92,False,False,False,False,False,18,20,18,7,53996.24721,54062.176009,False,False,False,2.8580918534162114,2.703324485963571,0.042146227007807416,2.9079216858973345,-0.21026112354909154,-0.1889271941175889,2.6238377185289816,2.9927787843507843,2.0244528304165343,2.812090772379145,2.321389366888529,65.92879900000116,11.958983999997145,23.951505999997607,26.00077600000077,2.4764213171410847
SDSS-II,13796,Ia,Ia,0.14869900047779083,REDSHIFT_HELIO,0.0421999990940094,82S,82S,0,84,False,False,False,False,False,17,19,19,12,53993.346784,54062.215805,False,False,False,2.9146392849435214,2.8024049666660056,-0.012566471379727615,2.9910975506998625,-0.2956227402013193,-0.24318366692089727,2.744096851350495,3.0971079875002117,2.197793415171304,2.8956379903141407,2.4034680891952735,68.86902099999861,26.891257999996014,14.898094999996829,14.898094999996829,2.5824249029994917
SDSS-II,13835,Ia,Ia,0.24748800694942474,REDSHIFT_HELIO,0.025100000202655792,82S,82S,0,88,False,False,False,False,False,11,13,13,1,53994.344465,54056.261096,False,False,False,2.5263005009435817,2.443243725661037,0.07382112083452463,2.6690843266211157,-0.028864881785024655,-0.23993228235268657,2.3587531403417255,2.6438670458213824,0.0,2.5063561824193767,2.0074646287186795,61.91663100000005,13.943343999999342,15.938139999998384,15.938139999998384,2.0716900689070368
SDSS-II,13894,Ia,Ia,0.12099999934434891,REDSHIFT_HELIO,0.06750000268220901,82N,82N,0,88,False,False,False,False,False,15,19,19,6,53997.415002,54063.233539,False,False,False,2.88008724512232,2.63018102469842,0.29534938138857836,2.8987251815894934,-0.10542344834657566,-0.09597669103505437,2.550511267271799,2.9468107442733062,2.0622600507190296,2.8159030189657512,2.3442844019192717,65.8185369999992,13.9183189999967,23.92185900000186,13.9183189999967,2.4323325410912457
SDSS-II,13956,Ia,Ia,0.2619999945163727,REDSHIFT_HELIO,0.03180000185966492,82N,82N,0,80,False,False,False,False,False,5,6,3,1,53995.386904,54011.386342,False,False,False,2.6114152547430765,2.103946178306902,0.7094470140022436,2.126293790693266,-0.20943445581747588,1.3385022261287798,1.818437054147931,2.2733254228624564,0.0,1.4046626904336939,1.0511302649040315,15.999437999998918,10.907901999999012,15.999437999998918,12.011222000000998,1.4658983433783304
SDSS-II,14019,Ia,Ia,0.21639999747276306,REDSHIFT_HELIO,0.08860000222921371,82S,82S,0,96,False,False,False,False,False,9,12,11,1,53998.158616,54040.128849,False,False,False,2.5914096756187375,2.2574125607140156,0.17086126081453806,2.409966900688309,-0.0843896298581554,0.5414671474396033,2.1467789890977733,2.45075700748184,0.0,2.0106814517502625,1.4776756335288979,41.97023300000001,7.036715000002005,21.982546999999613,11.984535999996297,1.792184384634181
SDSS-II,14024,Ia,Ia,0.1459999978542328,REDSHIFT_HELIO,0.1151999980211258,82S,82S,1,91,False,False,False,False,False,11,14,10,1,53998.163281,54057.092903,False,False,False,2.6033392661051864,2.516953508703178,0.1506997106821495,2.781532788317497,-0.0028318797083671946,-0.3946949936985716,2.42244806959871,2.7901373084236023,0.0,2.616128778233043,2.145717868398353,58.929621999996016,11.984572000001208,9.989900000000489,11.984572000001208,2.2646937190558725
SDSS-II,14108,Ia,Ia,0.13300000131130219,REDSHIFT_HELIO,0.1460999995470047,82S,82S,0,104,False,False,False,False,False,16,22,20,4,53994.473607,54064.389714,False,False,False,2.6308954727404457,2.531092640726526,0.16054114786017132,2.8471344287052673,-0.1837882635886398,-0.49557086492864677,2.490402732131287,2.882063247882743,1.5286939788301837,2.7721235737088086,2.232421201331008,69.91610699999728,10.997444000000542,15.011505000002217,15.938758999996935,2.377879399860078
SDSS-II,14157,Ia,Ia,0.21150000393390656,REDSHIFT_HELIO,0.11760000139474869,82S,82S,2,102,False,False,False,False,False,15,20,19,4,53994.466767,54064.383121,False,False,False,2.932082916854514,2.4968611823696034,0.040683068534292224,2.7771294767579,0.019433056101447865,0.0788249040041414,2.460009313659914,2.7529698743922886,2.2710227176065807,2.6338319302544737,2.1290049638970987,69.91635400000087,13.9442210000052,17.931996999999683,15.011891000001924,2.204346980456223
SDSS-II,14212,Ia,Ia,0.20449000597000122,REDSHIFT_HELIO,0.05510000139474869,82S,82S,1,177,False,False,False,False,False,20,27,21,1,53996.229134,54060.175866,False,False,False,2.6313219920881497,2.4331182417118447,0.33306756022686046,2.8735298414314303,-0.0318914781769674,-0.3033696829131777,2.3496718073242904,2.904845322193599,0.0,2.786517168455384,2.143832085315787,63.9467319999967,11.95887799999764,35.93358799999987,50.92922700000054,2.2257780860870837
SDSS-II,14261,Ia,Ia,0.285847008228302,REDSHIFT_HELIO,0.09359999746084213,82N,82N,0,88,False,False,False,False,False,8,10,12,1,54005.165307,54063.137706,False,False,False,2.5057331598590196,2.3457558977629516,0.4346752511585391,2.470660362353202,-0.07973537929218935,0.1478111690179946,2.183312562765373,2.5075455356811216,0.0,2.258613357608144,1.8003660527270038,57.972398999998404,14.02335299999686,24.0019289999982,14.02335299999686,1.8547812359606373
SDSS-II,14284,Ia,Ia,0.18106600642204285,REDSHIFT_HELIO,0.05570000037550926,82N,82N,0,84,False,False,False,False,False,12,18,17,6,53997.472082,54065.374775,False,False,False,2.831549851995756,2.6381013774469495,0.011979512026218865,2.936714770477391,-0.011227787257940764,-0.2840675200642332,2.6645385604178746,2.9144383596265184,1.9565892789307502,2.8596485915533285,2.3098287535570297,67.90269299999636,10.002630000002682,21.986269000000902,21.986269000000902,2.378017479586757
SDSS-II,14298,Ia,Ia,0.2619999945163727,REDSHIFT_HELIO,0.07500000298023224,82N,82N,0,86,False,False,False,False,False,10,10,10,1,53995.177604,54052.115613,False,False,False,2.650278376059217,2.408015973223847,0.15405022092752776,2.540479631012091,-0.003892773486958694,0.3441906111228613,2.2753643411636193,2.5371387864778425,0.0,2.287241711178348,1.783327803623125,56.93800900000497,9.949899999999616,45.94100900000194,13.959184999999707,1.8518416904372383
SDSS-II,14318,Ia,Ia,0.05786599963903427,REDSHIFT_HELIO,0.060100000351667404,82N,82N,0,76,False,False,False,False,False,12,14,16,6,53995.249693,54063.172827,False,False,False,3.487489061810639,2.9210607669246245,-0.022804933389920113,3.59330156535992,-0.06814021580600606,-0.27129394861507167,2.9457696686592674,3.6476948792416373,2.968539397870437,3.5741412623425446,3.026525486251472,67.92313400000421,67.92313400000421,67.92313400000421,67.92313400000421,3.100366667984705
SDSS-II,14331,Ia,Ia,0.22115899622440338,REDSHIFT_HELIO,0.022099999710917473,82N,82N,0,92,False,False,False,False,False,11,12,14,3,53997.432332,54058.260723,False,False,False,3.201735684721634,2.377659822239908,-0.029867626110150404,2.5945914102496763,0.08409210389348913,1.0536497778257534,2.324912578264745,2.532333907633017,2.6811303109158797,2.419443519325044,1.9021757811355844,60.82839100000274,8.826613000004727,13.918040000004112,11.853508000000147,1.9475289539370702
SDSS-II,14421,Ia,Ia,0.17504100501537323,REDSHIFT_HELIO,0.028300000354647636,82N,82N,0,76,False,False,False,False,False,9,11,10,1,54000.377389,54055.345405,False,False,False,2.8491121661845775,2.627349097435955,-0.0640531117667062,2.771932700123735,-0.26057678440307114,0.28197256319146247,2.614130554553921,2.8468935584011215,0.0,2.5799892405507454,2.1339424437636083,54.9680159999989,21.04334899999958,7.050622000002477,8.974300000001676,2.2870764037431477
SDSS-II,14437,Ia,Ia,0.14926700294017792,REDSHIFT_HELIO,0.09309999644756317,82S,82S,0,96,False,False,False,False,False,14,20,19,5,53993.29499,54062.162653,False,False,False,2.847072687555768,2.6931181579836667,-0.04113040923709627,2.977499547443823,-0.25674018260927584,-0.3040899619612206,2.726373209056783,3.072323420340293,2.060317037858247,2.8980007579533593,2.3685434691363914,68.86766299999726,16.892368000000715,16.892368000000715,16.892368000000715,2.5324378915769117
SDSS-II,14450,CC,II,0.12020699679851532,REDSHIFT_HELIO,0.07069999724626541,82S,82S,0,94,False,False,False,False,False,16,18,19,4,54008.142951,54068.101668,False,False,False,2.752701301485634,2.5521387099407393,0.03393552744612698,3.0210858833099774,0.40972363888800933,-0.374812458855524,2.4333077016079927,2.70061719040068,1.8074916680396163,2.8730821664577393,2.1998140637388266,59.95871700000134,31.979936999996426,23.973973000000115,1.9942389999996522,1.9797055880501273
SDSS-II,14451,Ia,Ia,0.17900000512599945,REDSHIFT_HELIO,0.0966000035405159,82S,82S,0,89,False,False,False,False,False,13,17,15,2,53994.155168,54061.100403,False,False,False,2.778245340862537,2.5950914368420896,-0.08326931724728924,3.000295216705599,0.09509807028478924,-0.37624061382818397,2.5742263154469445,2.8952512269744046,1.569900234233984,2.891236297139485,2.336238529028678,66.94523499999923,13.969849000000977,37.943740000002435,17.956647999999404,2.3393095710753613
SDSS-II,14475,CC,Ic,0.14404499530792236,REDSHIFT_HELIO,0.08169999718666077,82S,82S,0,156,False,False,False,False,False,14,24,27,6,54005.243645,54062.174266,False,False,False,2.7415455167762093,2.3768748970280114,0.5054706356177746,2.675888271256409,0.231712893451897,0.07021321858713506,2.144062449311209,2.5899049319584018,1.9029344898634555,2.5102365905266892,2.0402023583938727,56.93062099999952,53.92605499999627,20.016007999998692,14.953362000000197,2.034793248050915
SDSS-II,14492,CC,Ib,0.0769210010766983,REDSHIFT_HELIO,0.03590000048279762,82S,82S,0,88,False,False,False,False,False,12,15,15,10,54008.328687,54068.281551,False,False,False,3.0855581382438073,2.652127674921433,0.5050259487384836,3.138242700927932,0.12247117134850236,0.020305112575194947,2.438736115543179,3.047138529873487,2.3988860200820845,3.075543330554879,2.5319729384232965,59.952863999998954,11.99330199999531,11.99330199999531,11.99330199999531,2.5088861063404786
SDSS-II,14599,CC,II,0.050999999046325684,REDSHIFT_HELIO,0.18389999866485596,82N,82N,0,88,False,False,False,False,False,17,17,17,17,54007.120235,54063.079873,False,False,False,3.2434746077831704,3.0762265305689938,0.07097933283037393,3.2486009590449334,0.06539233917040117,0.04556366708974768,2.921747664690137,3.2206388662832977,2.4248251436356365,2.9289384113197303,2.282653907443009,55.95963800000027,18.05905999999959,12.01072700000077,12.01072700000077,2.325875596568308
SDSS-II,14782,Ia,Ia,0.17900000512599945,REDSHIFT_HELIO,0.08879999816417694,82S,82S,2,95,False,False,False,False,False,17,19,18,10,54008.142091,54062.111699,False,False,False,2.9093634500328522,2.6925807056066167,0.11581166323189365,2.9663060178414096,-0.02236645858715646,-0.1865588743330263,2.5800705702789606,2.9695929513970465,2.186841850971632,2.8419222983285644,2.3569036920999267,53.969607999999425,52.975815999998304,23.973947999998927,14.041464000001724,2.4547586065538436
SDSS-II,14815,Ia,Ia,0.13627299666404724,REDSHIFT_HELIO,0.08380000293254852,82S,82S,0,92,False,False,False,False,False,19,20,20,12,54008.155733,54068.114913,False,False,False,2.9782444529135708,2.962643224795256,0.11502732544849618,3.02708445453256,-0.36088071976495306,-0.10819760008903209,2.840234237349281,3.1746615114408923,2.2795689646459905,2.8170759204512077,2.2704337926044222,59.959179999998014,48.93972799999756,14.041524000000209,14.041524000000209,2.559776913905284
SDSS-II,14816,Ia,Ia,0.10722099989652634,REDSHIFT_HELIO,0.0560000017285347,82S,82S,0,92,False,False,False,False,False,17,19,19,11,54005.245332,54068.165021,False,False,False,3.046881288498835,2.909902133415034,0.12912317172891094,3.1686300354169594,-0.25635582118642,-0.3312896835772031,2.783099879301438,3.2702151883231334,2.295682878374742,3.0852905564492663,2.573305027970314,62.91968900000211,14.953376999998,14.953376999998,14.953376999998,2.743520866884955
SDSS-II,14846,Ia,Ia,0.22475600242614746,REDSHIFT_HELIO,0.02419999986886978,82S,82S,0,88,False,False,False,False,False,11,15,13,3,54008.292372,54068.244132,False,False,False,2.7959147510313236,2.4251558425956077,0.033824482750931736,2.689495318334597,0.0737752791469628,0.21256192901870585,2.369190551097312,2.653858662051192,1.5516703802962815,2.5527776838637224,2.0989637839906425,59.951759999996284,31.981771999999182,11.993052999998326,16.074612999997044,2.097984448674152
SDSS-II,14871,Ia,Ia,0.11900000274181366,REDSHIFT_HELIO,0.08699999749660492,82S,82S,0,104,False,False,False,False,False,22,21,21,12,54008.419464,54068.375875,False,False,False,2.941004284402428,2.9106208443318966,0.024456156114438424,3.0878594598678117,-0.28808314599838714,-0.3587842079705643,2.77190435546316,3.193853377194536,2.207594694622002,3.0478120375078523,2.4778082169312423,59.95641099999921,44.99034699999902,20.06445900000108,22.01997300000221,2.664352550886941
SDSS-II,14979,Ia,Ia,0.17710000276565552,REDSHIFT_HELIO,0.08969999849796295,82S,82S,1,103,False,False,False,False,False,17,21,20,2,54008.421487,54068.377575,False,False,False,2.682965941636672,2.5652815397183635,-0.030816239620941918,2.8411341387353795,-0.13529478034663867,-0.5040457780567548,2.5128012865015883,2.9020464367622805,1.8496650892029447,2.754570026344766,2.2399339884650282,59.956087999999,12.02606399999786,16.075769000002765,16.075769000002765,2.3322285207665048
SDSS-II,15129,Ia,Ia,0.19739499688148499,REDSHIFT_HELIO,0.05909999832510948,82S,82S,1,90,False,False,False,False,False,9,16,12,2,54008.155303,54059.120401,False,False,False,3.427029818305322,2.47564032076424,0.020258635118852595,2.726319612110775,0.03463008849119453,1.429295460869985,2.540424024357124,2.7038156422922506,2.8918522997937495,2.550228353055094,2.1228176791003315,50.96509800000058,26.044205999998667,11.992708999998285,14.0415159999975,2.187238727514825
SDSS-II,15132,Ia,Ia,0.15438200533390045,REDSHIFT_HELIO,0.04699999839067459,82S,82S,0,95,False,False,False,False,False,17,19,17,5,54008.185889,54068.145298,False,False,False,2.8028899658602975,2.8051569694152394,-0.09748473136432412,2.9882957915268102,-0.28186273367409564,-0.44472388758550335,2.799116240605381,3.075919061481838,1.8371812204699987,2.9228966365840274,2.393948771303765,59.95940900000278,14.041666999997688,19.982567999999446,19.982567999999446,2.538057301923631
SDSS-II,15161,Ia,Ia,0.24955399334430695,REDSHIFT_HELIO,0.03480000048875809,82N,82N,0,76,False,False,False,False,False,9,11,11,2,54009.362704,54065.337918,False,False,False,2.6346988964697977,2.4013331665948234,0.22028833239417397,2.63224465708499,0.04269796743586205,0.04078748569118464,2.3180587046684624,2.6094876833388514,1.4151402604753387,2.4652787390804094,1.9702521834994762,55.97521399999823,20.073753000004217,12.06870699999854,21.98117700000148,2.053449485621386
SDSS-II,15171,Ia,Ia,0.13920000195503235,REDSHIFT_HELIO,0.10689999908208847,82S,82S,0,96,False,False,False,False,False,16,18,17,8,54012.102379,54068.073833,False,False,False,3.0988443740522746,2.852723229050936,-0.09597163982403248,2.9990957192695613,-0.1520048416440823,0.14716815227807645,2.848942323370804,3.0631268421215823,2.4237765664397464,2.825815429150537,2.3655463988107397,55.97145399999863,22.056790999995428,22.056790999995428,17.99788599999738,2.5146929751664735
SDSS-II,15201,Ia,Ia,0.20881199836730957,REDSHIFT_HELIO,0.07159999758005142,82N,82N,0,76,False,False,False,False,False,5,7,8,1,54019.215003,54054.198794,False,False,False,2.582006528243647,2.228543337471408,0.48827901491758086,2.471863568213727,0.18745458768063689,0.4380216004171442,2.067480020527592,2.3659183141863926,0.0,2.263186187780398,1.7499239002846838,34.98379100000602,9.978663000001688,34.98379100000602,9.978663000001688,1.6873208222231038
SDSS-II,15219,Ia,Ia,0.247420996427536,REDSHIFT_HELIO,0.0364999994635582,82N,82N,0,79,False,False,False,False,False,9,12,13,2,54021.428122,54065.334535,False,False,False,2.5579520898519004,2.4418639466230427,-0.02298088324073372,2.625435924443886,0.007617481965751755,-0.20287508495105852,2.4497440154063335,2.6102874401576006,1.492969669014601,2.4441228803463972,1.9745747812197847,43.90641300000425,9.912450000003446,9.912450000003446,9.912450000003446,2.064374703714381
SDSS-II,15222,Ia,Ia,0.19943000376224518,REDSHIFT_HELIO,0.027300000190734863,82N,82N,0,88,False,False,False,False,False,9,14,12,2,54006.244854,54063.236552,False,False,False,3.2727556679104435,2.4207759085434284,0.14651023742534375,2.7027061977806834,0.01723001479357795,1.0372740807533152,2.4239954563570127,2.6766387501419673,2.8139343966431807,2.4636690772480985,2.01566913703495,56.99169800000527,0.0,25.00732400000561,25.00732400000561,2.135509758808065
SDSS-II,15234,Ia,Ia,0.13635799288749695,REDSHIFT_HELIO,0.027699999511241913,82N,82N,0,80,False,False,False,False,False,13,13,13,8,54021.379413,54063.276956,False,False,False,2.8727621006247728,2.7474476606561957,0.22258389885159421,2.880727853850767,-0.16724091075074585,-0.0965700990877151,2.5973719637381296,2.935618077745105,2.0881151549598425,2.655560966764225,2.219315687560604,41.89754299999913,3.9951679999940097,7.92515199999616,9.912168999995629,2.307078237304923
SDSS-II,15259,Ia,Ia,0.21199999749660492,REDSHIFT_HELIO,0.06719999760389328,82S,82S,0,92,False,False,False,False,False,9,16,14,4,54008.208298,54062.178109,False,False,False,2.654484586517945,2.4581050352544787,0.1705685434325238,2.7267190528787357,0.04806031169677605,-0.2576183306182019,2.4691066016440955,2.6882239882739976,1.7361073558501392,2.5239544471853206,2.076220494933955,53.969811000002665,11.992523000000801,19.98231400000077,21.985258000000613,2.151249521591651
SDSS-II,15287,Ia,Ia,0.23767900466918945,REDSHIFT_HELIO,0.04610000178217888,82S,82S,0,128,False,False,False,False,False,15,22,21,1,54012.157035,54062.139083,False,False,False,2.6700045022490304,2.4227800392203904,0.1422743110051371,2.625435924443886,0.04208130144093983,0.11300575856216868,2.4024253262910573,2.644665044027667,0.0,2.474696919675884,1.9946811185395816,49.98204800000531,10.054296000002068,17.99808900000062,13.064748000004329,2.0553131874888666
SDSS-II,15320,CC,II,0.06199999898672104,REDSHIFT_HELIO,0.028999999165534973,82S,82S,0,92,False,False,False,False,False,14,14,14,12,54020.266202,54068.224533,False,False,False,3.1559460537056236,2.99617976024545,-0.0904325589546477,3.155833828512426,0.05855545436876348,-0.05724258197027873,2.8869851698514926,3.140281732778445,2.3480908050651386,2.7635028928841434,2.2817175070353874,47.958331000001635,4.081516999998712,9.993460999998206,4.081516999998712,2.3853010592913915
SDSS-II,15339,CC,II,0.11996400356292725,REDSHIFT_HELIO,0.05490000173449516,82N,82N,0,89,False,False,False,False,False,12,13,13,8,54025.223418,54063.124009,False,False,False,2.8837522432460982,2.827446319549277,0.14981867169284704,2.93831455105708,-0.20056474847422276,-0.24040431121242523,2.717571349814205,3.170663543848042,2.1004729134549187,2.634487387072109,2.0569823490145414,37.9005909999978,32.9103879999966,15.919623000001593,15.919623000001593,2.3946745008101384
SDSS-II,15340,Ia,Ia,0.14749999344348907,REDSHIFT_HELIO,0.06909999996423721,82N,82N,0,76,False,False,False,False,False,11,11,12,3,54025.259233,54063.160004,False,False,False,2.7357505588983275,2.6784173864665357,0.8001703449418306,2.7523250670541266,-0.32600478099131797,-0.1360108091511406,2.3403142908783305,2.944813193937578,1.7693339725469006,2.5498121955319615,2.041769813424838,37.90077100000053,3.9301890000060666,28.935305000006338,13.919140000005427,2.2829559321822455
SDSS-II,15354,Ia,Ia,0.22210000455379486,REDSHIFT_HELIO,0.02019999921321869,82N,82N,0,88,False,False,False,False,False,6,8,9,4,53997.429036,54058.257748,False,False,False,3.087170715927874,2.3361268859887763,0.3395787357244859,2.5489051217657295,0.034646676528457154,0.8982760669836243,2.212853193329862,2.5127377656067673,2.5384442584714293,2.363536797843565,1.8861154556677677,60.82871200000227,8.82659699999931,27.917151000001468,27.917151000001468,1.9451491369952554
SDSS-II,15365,Ia,Ia,0.1879580020904541,REDSHIFT_HELIO,0.032099999487400055,82N,82N,0,84,False,False,False,False,False,13,12,13,1,54019.263152,54063.21309,False,False,False,2.7345118157806416,2.645502499537735,-0.0636494790872562,2.8167382992623913,-0.04280730048455541,-0.12383202393798634,2.564089479964848,2.8153186783927158,0.0,2.6787459370657043,2.138678822544954,43.94993799999793,19.968025000001944,16.969888999999966,16.969888999999966,2.1526090018332344
SDSS-II,15369,Ia,Ia,0.23199999332427979,REDSHIFT_HELIO,0.04039999842643738,82N,82N,0,78,False,False,False,False,False,11,13,13,2,54019.247135,54063.196784,False,False,False,2.687145335061223,2.5963399070851154,0.06484395733976167,2.7819347981137703,-0.030002311959312723,-0.22655871687811574,2.496417594730481,2.7981324972646138,1.2899234706718972,2.603295969506157,2.071021311353236,43.949649000001955,0.0,11.96530999999959,16.969749000003503,2.1859125506160604
SDSS-II,15421,Ia,Ia,0.18544499576091766,REDSHIFT_HELIO,0.03060000017285347,82S,82S,0,96,False,False,False,False,False,16,17,15,4,54020.357449,54068.317974,False,False,False,2.8168177631583204,2.5698006325546245,0.04002710961912333,2.7723290498803936,-0.09050613993550312,-0.04374934832625711,2.487362890266932,2.7997333099523822,1.9921213946489427,2.5689288638799614,2.120907964502857,47.96052499999496,15.069692999997642,15.069692999997642,15.069692999997642,2.203040451824612
SDSS-II,15425,Ia,Ia,0.1598919928073883,REDSHIFT_HELIO,0.09870000183582306,82S,82S,0,104,False,False,False,False,False,17,17,17,8,54020.449166,54068.379229,False,False,False,3.224615911535521,2.831076310744054,0.12257538977912968,2.9603090039390962,-0.19976252279847226,0.14738135746182132,2.7140411542839913,3.0387433436884557,2.5893454006875776,2.7462059055304393,2.220843962753276,47.93006299999979,32.964379000004556,19.95807500000228,20.99358200000279,2.4094552554822015
SDSS-II,15433,Ia,Ia,0.22068099677562714,REDSHIFT_HELIO,0.026200000196695328,82S,82S,0,89,False,False,False,False,False,11,13,12,2,54024.387007,54062.284812,False,False,False,2.6376498122346637,2.5273115719089616,0.18014523665692117,2.657877733037081,-0.1862511419100911,-0.06893338411997431,2.4038440071091354,2.7090069316741965,1.6562420077271574,2.419922688783004,1.9042342919123212,37.89780500000052,5.912060000002384,12.89310800000385,12.89310800000385,2.071040704961024
SDSS-II,15440,Ia,Ia,0.262253999710083,REDSHIFT_HELIO,0.02850000001490116,82S,82S,1,103,False,False,False,False,False,10,11,9,2,54020.373837,54062.354444,False,False,False,2.586711033240231,2.3481667452191903,0.44441950374472206,2.521634889870645,0.028012538041064634,0.1511826438271364,2.196480165170993,2.526339277389844,1.2100504740017772,2.2371666057152133,1.8276128602197124,41.98060699999769,41.98060699999769,21.02520899999945,15.069832000001043,1.9102094837762738
SDSS-II,15443,Ia,Ia,0.1819079965353012,REDSHIFT_HELIO,0.06610000133514404,82S,82S,0,104,False,False,False,False,False,16,17,15,4,54024.483396,54068.363325,False,False,False,3.427830051787952,2.7506871378607354,-0.045026893964411535,2.89312342693983,-0.06688370297648515,0.5167878318038354,2.7197439380855015,2.9232284556331374,2.983942503339323,2.616916393441407,2.1442787681084026,43.87992899999517,28.91439199999877,16.94371699999465,16.94371699999465,2.2945836505658406
SDSS-II,15453,Ia,Ia,0.17499999701976776,REDSHIFT_HELIO,0.05389999970793724,82N,82N,0,91,False,False,False,False,False,14,12,13,1,54025.212702,54063.11324,False,False,False,2.8286856557664417,2.643155646247872,0.04015136917667443,2.756331748739051,-0.13591326322398928,0.24856846624489867,2.53658188826196,2.7925387797217787,0.0,2.456730308406511,1.9736571075696818,37.90053800000169,10.920923000005132,15.91957900000125,15.91957900000125,2.110425912163481
SDSS-II,15459,Ia,Ia,0.126787006855011,REDSHIFT_HELIO,0.0575999990105629,82N,82N,0,76,False,False,False,False,False,13,12,13,4,54019.224313,54063.173225,False,False,False,2.7220824932837586,2.6549374142191953,0.10875039329216485,2.8059356245511027,-0.10836907534090846,-0.20845821388010116,2.4789403690652874,2.828904685137158,1.8162618600197558,2.685840241420115,2.14606539056186,43.94891199999984,16.969586999999592,11.96519100000296,11.96519100000296,2.186829581059022
SDSS-II,15461,Ia,Ia,0.18616899847984314,REDSHIFT_HELIO,0.06970000267028809,82N,82N,0,83,False,False,False,False,False,13,13,13,2,54019.184815,54063.13382,False,False,False,2.6355339972008385,2.643248388952805,0.16662290956076312,2.77953153928052,-0.26236459696498676,-0.38493417460010954,2.5608085129126392,2.902845620982815,1.440121410757768,2.4963206101252955,2.0607230875574234,43.94900500000222,11.965032000000065,21.968047000002116,21.968047000002116,2.3081493100469035
SDSS-II,15466,Ia,Ia,0.2456749975681305,REDSHIFT_HELIO,0.1177000030875206,82N,82N,1,90,False,False,False,False,False,9,10,12,1,54025.207154,54063.107275,False,False,False,3.2555088852680205,2.26335670484778,0.13080328647753844,2.532066083910556,0.3510858790384819,1.8282180742580978,2.141979031875682,2.4163409027701244,0.0,2.2733948497598213,1.7977932412368884,37.90012099999876,15.919573999999557,13.918544999993173,10.920917999996163,1.7567698889961039
SDSS-II,15467,Ia,Ia,0.20977799594402313,REDSHIFT_HELIO,0.05640000104904175,82N,82N,0,92,False,False,False,False,False,13,14,13,3,53995.192443,54063.114127,False,False,False,2.829914580223654,2.617772932589455,0.07027873560955734,2.751925465002871,-0.08933890394645523,-0.11191731563651766,2.5060604117526677,2.7877437889319125,2.1199615520157327,2.530020346399315,2.063359639001578,67.92168400000082,45.94114599999739,45.94114599999739,40.942487000000256,2.149006103339934
SDSS-II,15508,Ia,Ia,0.13460400700569153,REDSHIFT_HELIO,0.02930000051856041,82N,82N,0,76,False,False,False,False,False,12,12,12,9,54025.402763,54063.305689,False,False,False,2.997242170716368,3.0007011811347826,-0.07903928122055356,3.07146591407192,-0.2618912394531138,-0.32847302094556885,2.9793685187339154,3.17785957421609,2.199289956608984,2.974000185757221,2.428608352572864,37.90292600000248,10.921805999998469,22.91436500000418,15.890743000003567,2.5664796168158492
SDSS-II,15583,Ia,Ia,0.17800000309944153,REDSHIFT_HELIO,0.022299999371170998,82S,82S,0,96,False,False,False,False,False,13,14,11,2,54028.438488,54068.32937,False,False,False,3.0980377132850916,2.5932836966743587,0.08749036312318227,2.756331748739051,-0.11391433964513024,0.4251871186487857,2.459982515180723,2.7877437889319125,2.677438131217011,2.526662253594505,2.0472633638265685,39.89088199999969,24.925217999996676,8.904969000002893,18.949892999997246,2.0894814367667665
SDSS-II,15584,Ia,Ia,0.2842180132865906,REDSHIFT_HELIO,0.08619999885559082,82S,82S,1,103,False,False,False,False,False,10,14,10,1,54024.465856,54064.361804,False,False,False,2.8217296504892677,2.3239059212842244,0.2653475369785286,2.5232390411209265,0.06939798835448621,0.8168357260927361,2.201063770090051,2.5039403940250184,0.0,2.272931746866329,1.779423924657602,39.89594799999759,28.914108999997552,16.943552999997337,22.938726000000315,1.7750889165672274
SDSS-II,15648,Ia,Ia,0.17501699924468994,REDSHIFT_HELIO,0.09889999777078629,82N,82N,1,91,False,False,False,False,False,10,10,10,1,54029.125718,54063.096144,False,False,False,2.806986742131297,2.431638730120277,0.4306198132043418,2.518026736890188,-0.14876466993936152,0.7403707333261351,2.192751389113779,2.5918989866912243,0.0,2.262308680544855,1.7817158586805415,33.97042599999986,9.988828999994439,6.991204999998445,18.982536999996228,1.9699535089782045
SDSS-II,15674,Ia,Ia,0.1979999989271164,REDSHIFT_HELIO,0.06700000166893005,82N,82N,1,75,False,False,False,False,False,12,10,12,1,54025.272825,54063.173698,False,False,False,2.669586495168982,2.413142117230301,0.13367268998414095,2.669484235524375,0.07178501411222322,0.1858062549813418,2.2643159658834726,2.5843086167001066,0.0,2.5173806639978293,1.9484942029341326,37.90087299999868,10.92152999999962,13.919196000002557,13.919196000002557,1.9095077992340188
SDSS-II,15868,Ia,Ia,0.2507160007953644,REDSHIFT_HELIO,0.0284000001847744,82S,82S,0,96,False,False,False,False,False,13,13,14,1,54024.451075,54068.330572,False,False,False,2.599937614936599,2.4635392540519767,-0.12299698643341384,2.6054128047288962,-0.04699078260908873,0.008170347750616678,2.4287053307778734,2.6246739238323915,0.0,2.443090811551041,1.920063708359065,43.87949700000172,12.893583000004583,22.938506000005873,22.938506000005873,2.0212716238184565
SDSS-II,15897,Ia,Ia,0.17488500475883484,REDSHIFT_HELIO,0.021400000900030136,82N,82N,0,92,False,False,False,False,False,11,11,11,1,54029.289914,54063.261611,False,False,False,2.6929790320845473,2.5138408653425994,0.11626509246381794,2.7291242851498017,0.012508749335984433,-0.030225562832502745,2.373615742697239,2.722601038264863,0.0,2.602201119403096,2.1330974303918793,33.97169700000086,6.991589999997814,9.989365000001271,11.959989000002679,2.0949650430001605
SDSS-II,15901,Ia,Ia,0.2047400027513504,REDSHIFT_HELIO,0.03189999982714653,82N,82N,0,76,False,False,False,False,False,11,10,10,1,54029.425704,54063.319184,False,False,False,2.5815742303782163,2.5936769775147672,-0.038991909493609936,2.695105014314704,-0.000303002663277358,-0.24686989163923062,2.488673760533954,2.709405659905403,0.0,2.4909552376151223,2.003672064620362,33.89347999999882,11.881134999995993,11.881134999995993,18.904812000000675,1.9841739315245353
SDSS-II,16021,Ia,Ia,0.12459699809551239,REDSHIFT_HELIO,0.025599999353289604,82S,82S,0,90,False,False,False,False,False,11,11,11,6,54035.371702,54068.262005,False,False,False,3.027928299283744,3.0376249406917806,-0.005433042158969026,3.138242700927932,-0.2517897532564637,-0.2692553773967598,2.9833088425645182,3.1882561382342365,2.23382416413361,2.9754502229310553,2.4397084584904194,32.89030300000013,11.950023000004876,11.950023000004876,11.950023000004876,2.5993086126148706
SDSS-II,16032,Ia,Ia,0.20399999618530273,REDSHIFT_HELIO,0.06549999862909317,82S,82S,0,104,False,False,False,False,False,15,14,14,1,54030.411608,54068.346982,False,False,False,2.5406547731233227,2.5640172657619944,0.18444441963010028,2.6498700818303953,-0.1567054386201478,-0.2324855067033821,2.402837768291793,2.7238003296812856,0.0,2.386980237754792,1.907782522603648,37.93537400000059,10.999423000001116,18.990164999995613,16.994597999997495,1.9855193378628937
SDSS-II,16069,Ia,Ia,0.12825000286102295,REDSHIFT_HELIO,0.055399999022483826,82N,82N,0,76,False,False,False,False,False,9,9,9,7,54036.195179,54063.174939,False,False,False,2.8727621006247728,2.9546176635779515,0.3604783263803333,2.982298374492092,-0.24271896429343795,-0.31973692156306954,2.8010818876089103,3.070724796567911,1.9630495277854434,2.8028216026443364,2.289242462264555,26.979759999994712,11.991879000001063,15.995780999997805,15.995780999997805,2.480029312504948
SDSS-II,16072,Ia,Ia,0.2858569920063019,REDSHIFT_HELIO,0.05779999867081642,82N,82N,0,88,False,False,False,False,False,10,10,9,3,53997.419134,54063.237346,False,False,False,2.8499289759054274,2.3090571212557345,0.35942644522132144,2.4401216031878037,-0.031423464180103916,0.7659661305399799,2.141333738523319,2.486756270172648,2.1317881055337318,2.0878523686673596,1.5790594552725137,65.81821199999831,8.82654399999592,57.82984099999885,50.83010099999956,1.8057304083265115
SDSS-II,16073,Ia,Ia,0.15471599996089935,REDSHIFT_HELIO,0.020500000566244125,82N,82N,0,179,False,False,False,False,False,19,19,19,8,54035.355727,54068.245365,False,False,False,2.964490622018916,2.8404333126831065,0.10430361372226743,2.8923228107659984,-0.24455619799777012,-0.09565284562363238,2.776745139045297,3.0075642977485684,2.1743898165195326,2.799381886145025,2.2788355616268796,32.88963800000056,11.94949899999483,11.94949899999483,11.94949899999483,2.3767826020689347
SDSS-II,16087,CC,II,0.05496799945831299,REDSHIFT_HELIO,0.02710000053048134,82N,82N,0,80,False,False,False,False,False,9,9,9,7,54036.321666,54063.302326,False,False,False,2.7872904144169253,2.507807909297578,0.4747590567711164,2.7547304690237535,0.4519339249757728,0.08317902346199986,2.3025978555349567,2.5667202398472915,1.9435415416668644,2.6146441494483232,2.1155057382751385,26.980659999993804,18.99207299999398,21.99068999999872,24.01224699999875,1.88295628781599
SDSS-II,16099,Ia,Ia,0.19694800674915314,REDSHIFT_HELIO,0.03290000185370445,82S,82S,0,172,False,False,False,False,False,20,19,18,4,53996.383987,54068.297626,False,False,False,2.95963277072537,2.675381284627901,0.09875127112023,2.7811304060513184,-0.04784836520892427,0.16388252701048994,2.5876991827970635,2.7981324972646138,2.234698310234837,2.5999921842425335,2.132083224049199,71.91363899999851,50.973018999997294,62.92869899999641,50.973018999997294,2.2232525122109763
SDSS-II,16100,Ia,Ia,0.19499999284744263,REDSHIFT_HELIO,0.030899999663233757,82N,82N,0,76,False,False,False,False,False,9,9,9,2,54036.333704,54063.314956,False,False,False,2.6649708676979555,2.5212514343429575,0.12311794091709807,2.6498700818303953,0.052913648200136415,0.07980700607392102,2.4012588228929213,2.6422666068209817,0.6780628493453142,2.4207146734023546,1.954335958197323,26.981252000005043,0.0,15.996323000006669,11.992620000004536,1.8892288741853138
SDSS-II,16116,Ia,Ia,0.15649199485778809,REDSHIFT_HELIO,0.03139999881386757,82S,82S,0,95,False,False,False,False,False,8,10,9,3,54035.31944,54062.228996,False,False,False,2.9814788279263897,2.876547477141154,-0.04228431610132749,2.9159219359539352,-0.30984499459740167,-0.04186233733275844,2.9283337556826017,3.0399452461060603,2.2743430294980773,2.8307810677790375,2.3448986180744495,26.9095559999987,11.94973200000095,11.94973200000095,17.909630000001926,2.565281119844597
SDSS-II,16165,Ia,Ia,0.15700000524520874,REDSHIFT_HELIO,0.027300000190734863,82N,82N,0,80,False,False,False,False,False,9,9,8,3,54036.334544,54063.315813,False,False,False,2.8992019829899776,2.8348500474994514,0.010164469114186173,2.9251160448537523,-0.19230153627249308,-0.24678450317399198,2.8158609851940635,3.0043686643080765,2.1708703855907485,2.7620179903384217,2.2689938933544376,26.981269000003522,15.996334000003117,19.007871000001614,19.007871000001614,2.4706253554386697
SDSS-II,16179,CC,Ic,0.125,REDSHIFT_HELIO,0.121799997985363,82S,82S,0,104,False,False,False,False,False,12,12,11,10,54040.401055,54068.37334,False,False,False,3.0819338950045463,2.8579116658407484,0.6032729418602705,3.010291465959204,-0.0007534189822055481,0.06395621363376017,2.5589244617112215,2.984383271412614,2.2413422882570986,2.9498679459340367,2.372080216491207,27.97228499999619,13.00624699999753,15.992746999996598,18.986971999998786,2.4202424607254414
SDSS-II,16185,Ia,Ia,0.10136599838733673,REDSHIFT_HELIO,0.0348999984562397,82S,82S,0,88,False,False,False,False,False,9,9,9,8,54040.299791,54068.27051,False,False,False,3.0533320412875273,3.0014952509468085,0.14129071175080327,3.091860342202398,-0.1702345690369522,-0.15105161936652783,2.9147162164406217,3.1350849163174663,2.2182256208778135,3.033713207560622,2.482639289302955,27.970719000004465,15.991827000005287,12.990408000005118,18.985885000001872,2.583548911936628
SDSS-II,16206,Ia,Ia,0.15972900390625,REDSHIFT_HELIO,0.02850000001490116,82N,82N,0,88,False,False,False,False,False,7,8,10,4,53989.330518,54063.245047,False,False,False,2.8670547932765844,2.7739518382435966,0.041693237168700575,2.858332617831326,-0.12996012739008006,-0.171437756884098,2.804808039229219,2.8904545523950853,2.087517022804204,2.7430626796950253,2.3296355622493095,73.91452899999422,68.92425399999775,73.91452899999422,70.9461850000007,2.35126369686699
SDSS-II,16213,Ia,Ia,0.25,REDSHIFT_HELIO,0.02500000037252903,82N,82N,0,88,False,False,False,False,False,10,10,9,1,54021.357352,54063.254,False,False,False,2.8727621006247728,2.4932851441167,0.09591854115660994,2.691099172248495,-0.006521792789209198,0.6253717958197595,2.4342110996981203,2.6470600768054604,0.0,2.5693387736085387,2.022523786180001,41.89664800000173,32.93099700000312,32.93099700000312,30.912442000000738,2.0846533214454306
SDSS-II,16259,Ia,Ia,0.11907800287008286,REDSHIFT_HELIO,0.03629999980330467,82S,82S,0,84,False,False,False,False,False,8,8,7,6,54037.21559,54062.219667,False,False,False,3.100856281367572,2.908779811245556,0.11394502113202959,3.0366807860149865,-0.06356422178967598,-0.10373624371637809,2.836860327766928,3.0559322963989755,2.374979029222788,2.860900728571499,2.3862808228777115,25.00407699999778,12.997932999998739,12.997932999998739,19.00550700000167,2.5962561810230977
SDSS-II,16281,Ia,Ia,0.18651500344276428,REDSHIFT_HELIO,0.031700000166893005,82S,82S,0,87,False,False,False,False,False,6,8,7,1,54040.232226,54062.222175,False,False,False,2.8963608521996025,2.7277872014133413,-0.027295459937857983,2.813934437327772,-0.02988033418203935,0.2501993168585817,2.7541902941466656,2.8165196783269706,0.0,2.4436853693541574,1.9302751978385124,21.989949000002525,21.989949000002525,12.990037000003213,12.990037000003213,2.164947407671844
SDSS-II,16287,Ia,Ia,0.107355996966362,REDSHIFT_HELIO,0.08320000022649765,82S,82S,0,104,False,False,False,False,False,9,10,10,6,54047.413261,54068.354546,False,False,False,2.9458672427722914,3.045382451210716,0.08415889164693965,3.159831781084849,-0.14915269857420493,-0.4782337917633057,3.0326952895722306,3.1886557425224553,2.0907380051300146,3.0896225558972645,2.6067017512129618,20.94128500000079,11.956070000000182,13.967020999996748,13.967020999996748,2.688031294445821
SDSS-II,16314,Ia,Ia,0.06257300078868866,REDSHIFT_HELIO,0.0406000018119812,82N,82N,0,87,False,False,False,False,False,6,6,6,6,54052.132699,54063.116667,False,False,False,3.5599389290667247,3.5423535470414143,-0.19759768578340658,3.628894480982876,-0.3008893647829812,-0.19596941831750986,3.6204273948134422,3.7928684552666927,3.0314999464404138,3.5160909628547956,3.080193218289879,10.98396800000046,10.98396800000046,10.98396800000046,10.98396800000046,3.255790815453289
SDSS-II,16333,Ia,Ia,0.07191500067710876,REDSHIFT_HELIO,0.1420000046491623,82S,82S,0,91,False,False,False,False,False,8,11,8,9,53998.193747,54068.14311,False,False,False,3.4878889087123883,3.2942200428091626,0.1822467454895234,3.4189456065995647,-0.33057481231097197,0.09192536174932717,3.354981191887129,3.5557157941327246,2.920702005638829,3.371979824434612,2.953752645561356,69.94936299999972,69.94936299999972,62.966119000004255,69.94936299999972,3.1333722998823488
SDSS-II,16350,Ia,Ia,0.23821699619293213,REDSHIFT_HELIO,0.04740000143647194,82N,82N,0,90,False,False,False,False,False,6,7,7,1,54048.136962,54063.124379,False,False,False,2.657428779061387,2.5315482591016876,0.08247763434695754,2.656673051728596,0.1547998742477585,0.06050917404753954,2.4826997404372797,2.5963001466901168,0.0,2.142952341674282,1.7283818414240133,14.987417000003916,9.997645000003104,6.018638000001374,6.018638000001374,1.5502942873376109
SDSS-II,16391,CC,II,0.05700000002980232,REDSHIFT_HELIO,0.032600000500679016,82N,82N,0,80,False,False,False,False,False,6,7,5,4,54006.279591,54063.272698,False,False,False,2.953967365593951,2.773855373931682,-0.10120871938452472,2.9083241458235993,-0.04443266079126905,-0.008036148125409134,2.8616598402536564,2.9204312044037755,2.0942409222499516,2.4404997558724104,1.981676898249926,56.993107000002055,56.993107000002055,54.02473299999838,54.02473299999838,2.430542015415638
SDSS-II,16392,Ia,Ia,0.05859600007534027,REDSHIFT_HELIO,0.03310000151395798,82N,82N,0,75,False,False,False,False,False,7,7,7,4,54021.41002,54063.30783,False,False,False,3.485888857536578,3.391697864785297,-0.11452893065183123,3.5781049040895136,-0.23038283578112667,-0.238108033323261,3.4290616636942035,3.7020831528164337,2.719905845638129,3.5618309682463427,3.166550884586919,41.897809999994934,36.90740399999777,38.929387999996834,41.897809999994934,3.2700319636096693
SDSS-II,16402,Ia,Ia,0.28999999165534973,REDSHIFT_HELIO,0.08500000089406967,82N,82N,0,77,False,False,False,False,False,7,6,7,1,54048.17341,54063.161275,False,False,False,2.654907784116898,2.5853554250848156,-0.020222965986562896,2.6963039577845977,0.001843104829801285,0.006458388243634779,2.573715148637805,2.7233981941399454,0.0,2.4019688908466956,1.9258931939830046,14.987864999995509,0.0,12.019137999996019,12.019137999996019,1.953785793699185
SDSS-II,16473,Ia,Ia,0.2175469994544983,REDSHIFT_HELIO,0.07419999688863754,82S,82S,0,91,False,False,False,False,False,8,8,8,2,54050.146812,54068.141887,False,False,False,2.6933927433938645,2.5624519808193034,-0.03270657249621576,2.6786913362346567,-0.057366178770779305,0.0787192670229683,2.574353970543186,2.681033078118275,1.2804644771453095,2.4914457392776455,1.9905429448605552,17.995074999998906,11.01225500000146,11.01225500000146,11.01225500000146,2.0161919195413627
SDSS-II,16541,Ia,Ia,0.1316000074148178,REDSHIFT_HELIO,0.20319999754428864,82N,82N,0,72,False,False,False,False,False,5,5,6,2,54048.427285,54065.397702,False,False,False,2.778245340862537,2.7604058907757962,0.06834947963183942,2.9359151687200002,-0.01537772047336153,-0.3637305378347142,2.735306617610547,2.954806717368713,1.8444150366811172,2.874522403895339,2.422637249571457,16.97041700000409,9.971965000004275,16.97041700000409,16.97041700000409,2.3916730528645833
SDSS-II,16578,Ia,Ia,0.17470000684261322,REDSHIFT_HELIO,0.12960000336170197,82N,82N,0,86,False,False,False,False,False,6,6,9,2,53995.152096,54063.073447,False,False,False,2.829503179236531,2.5280442326124466,0.10717978475245865,2.7899330809317506,0.32060477513138,0.07773638347452269,2.5071359476728965,2.6426623435127237,1.8163738159302911,2.6254050593642257,2.1991474757324343,67.9213510000045,67.9213510000045,67.9213510000045,67.9213510000045,2.0282465446729327
SDSS-II,16619,Ia,Ia,0.11509999632835388,REDSHIFT_HELIO,0.027799999341368675,82S,82S,0,88,False,False,False,False,False,6,6,6,4,54053.315452,54068.295932,False,False,False,3.04002845857062,3.0562637190821955,-0.08823415132975117,3.206215814352141,-0.26247248554923086,-0.3335874294664303,3.0923451318877464,3.346182721672299,2.0977085620107414,3.1554089169682507,2.6736016013282824,14.980479999998352,9.000232999998843,14.980479999998352,14.980479999998352,2.832488944922922
SDSS-II,16631,Ia,Ia,0.2160000056028366,REDSHIFT_HELIO,0.11640000343322754,82S,82S,0,104,False,False,False,False,False,8,10,10,1,54047.435121,54068.376679,False,False,False,2.719596430104954,2.4905778563998795,0.41978689886983117,2.667480969844964,0.19311196832657332,0.14443071500482746,2.3555281382089537,2.5934965186028767,0.0,2.4779311785276157,2.0329546040500595,20.941557999998622,11.956226999995124,13.967205000000831,14.961048999997729,1.8968079900549364
SDSS-II,16637,Ia,Ia,0.24292799830436707,REDSHIFT_HELIO,0.022099999710917473,82S,82S,0,88,False,False,False,False,False,6,5,5,2,54049.30155,54068.245822,False,False,False,2.807399704499207,2.5029676019049987,0.062116727547773795,2.6774883222271133,0.23697228034818885,0.308708990948991,2.475918042473165,2.6007006960652377,1.420780720145258,2.3490831569142223,1.961092296007911,18.944272000000637,9.959519000003638,9.959519000003638,18.944272000000637,1.855050546381938
SDSS-II,16641,Ia,Ia,0.11500000208616257,REDSHIFT_HELIO,0.030400000512599945,82S,82S,0,84,False,False,False,False,False,6,6,6,3,54053.308749,54068.289185,False,False,False,2.899612601257596,2.953646958712751,-0.02688253386590699,3.029882718755578,-0.2349922125016235,-0.3960755362555162,2.9598360723153405,3.170663543848042,2.0439298478610635,2.9051371785395146,2.444707362386255,14.980435999998008,14.980435999998008,14.980435999998008,14.980435999998008,2.6097650858810346
SDSS-II,16668,CC,II,0.1518000066280365,REDSHIFT_HELIO,0.03200000151991844,82S,82S,0,96,False,False,False,False,False,7,8,8,1,54049.392668,54068.337785,False,False,False,2.933704883032959,2.690820481457317,-0.1486147161242208,2.85792923529342,0.034611925518209116,0.21449177687968557,2.8046991059291964,2.881664198920193,0.0,2.7149832110236587,2.2123146485009437,18.945117000002938,18.945117000002938,12.964738000002399,18.945117000002938,2.3187286841162433
SDSS-II,16838,CC,II,0.15000000596046448,REDSHIFT_HELIO,0.10689999908208847,82N,82N,0,80,False,False,False,False,False,3,3,3,2,54058.384734,54065.382707,False,False,False,3.0626008028073493,2.9976964847154686,-0.2436515685205914,3.206215814352141,-0.1416587488663509,0.06520708537642309,3.0950693398778784,3.2698163887388207,2.359655334709868,3.1149044190763706,2.736789616734799,6.997972999997728,6.997972999997728,6.997972999997728,6.997972999997728,2.806437897904519
SDSS-II,16899,Ia,Ia,0.2750000059604645,REDSHIFT_HELIO,0.11029999703168869,82N,82N,0,80,False,False,False,False,False,5,4,3,1,54021.476728,54065.384406,False,False,False,2.644389358961865,2.3608583718196736,0.45063356635923146,2.413986719826251,-0.24580007431796097,0.8577081572768006,2.1491944611703784,2.55152318452675,0.0,2.0503797680634306,1.6688259144477517,43.90767799999594,33.9262000000017,43.90767799999594,0.0,1.8776368563082089
SDSS-II,16988,CC,Ib,0.05834000185132027,REDSHIFT_HELIO,0.08540000021457672,82S,82S,0,88,False,False,False,False,False,4,4,4,1,54012.192261,54068.164149,False,False,False,2.8711290689496303,2.6968367232497803,0.25012707242237514,3.045475547668973,0.11891338437008184,0.07630485220093156,2.5933968342723217,2.9827821354152313,0.0,2.977609309204181,2.544306855022853,55.971888000000035,49.982433000004676,55.971888000000035,55.971888000000035,2.488368622739419
SDSS-II,17106,Ia,Ia,0.21240000426769257,REDSHIFT_HELIO,0.10249999910593033,82S,82S,0,99,False,False,False,False,False,5,4,2,1,54053.389528,54068.355415,False,False,False,3.130623209531357,2.206798904909461,0.040335241598565566,2.3942590064067923,0.279234147791767,1.9068517492161405,2.1516211052053995,2.372709529262214,0.0,1.455758165979161,1.1696743981897506,14.965886999998474,0.0,14.965886999998474,14.965886999998474,1.6960805934404148
SDSS-II,17167,CC,II,0.07999999821186066,REDSHIFT_HELIO,0.164900004863739,82S,82S,0,64,False,False,False,False,False,12,16,16,15,54348.152066,54424.062647,False,False,False,3.0053221145164093,2.6205940613195864,1.067093574219936,3.0018937299770863,0.4467607099334635,0.08120229419760873,2.1681708053237876,2.822514610957092,2.286804710968055,2.8083392852455655,2.2667873197635213,75.91058099999645,55.925059000001056,39.014806999999564,8.969325999998546,2.11099018771088
SDSS-II,17171,Ia,Ia,0.1603109985589981,REDSHIFT_HELIO,0.04619999974966049,82S,82S,0,68,False,False,False,False,False,7,13,7,1,54348.220868,54418.140257,False,False,False,2.626247958222968,2.384248614870711,0.33822607831286966,4.739207745501692,3.7081146910979275,-4.114914160281906,2.364095159594244,2.9492094220968887,0.0,4.738213225245321,4.28040878285909,69.91938900000241,31.00824200000352,45.99822700000368,0.0,2.359512184621669
SDSS-II,17174,Ia,Ia,0.05000000074505806,REDSHIFT_HELIO,0.061400000005960464,82S,82S,0,68,False,False,False,False,False,15,14,7,2,54348.214556,54424.126495,False,False,False,2.6641340536967224,2.340421448879791,0.7549250925026139,2.679091601508504,-0.31609102711124426,0.07868202211968209,2.170826715918185,2.8113202490297664,1.7110053531724534,2.5503995989389616,2.0586488563236025,75.9119389999978,0.0,0.0,0.0,2.2220291822449756
SDSS-II,17176,Ia,Ia,0.09341300278902054,REDSHIFT_HELIO,0.056299999356269836,82S,82S,0,68,False,False,False,False,False,4,13,12,8,54348.243013,54424.155211,False,False,False,2.956394152429197,2.514890885252479,0.5791771797143471,3.0034906935567802,0.08102224918324762,-0.09709293860922585,2.5930838219964034,3.022754089092875,2.2794649498219313,2.919637609240181,2.4695452036111214,75.91219799999817,16.967058000001998,0.0,0.0,2.4832234941954963
SDSS-II,17186,Ia,Ia,0.07944300025701523,REDSHIFT_HELIO,0.035100001841783524,82N,82N,0,80,False,False,False,False,False,18,18,18,11,54346.406749,54423.306108,False,False,False,3.1700092860395586,2.9108736102621604,0.050611470666120054,3.243402695653296,-0.18942048691132082,-0.20720583542816007,2.7297823946190625,3.3545789807301496,2.516659711405895,3.1861621248642247,2.692813019079832,76.89935899999546,2.004165999998804,2.004165999998804,11.96059399999649,2.7843418828781834
SDSS-II,17200,CC,II,0.0851069986820221,REDSHIFT_HELIO,0.03750000149011612,82N,82N,0,68,False,False,False,False,False,10,15,16,3,54346.273843,54433.21702,False,False,False,2.877647720602927,2.4066730046630567,0.9020397010101286,2.8891279513293853,0.4516366855506579,-0.1609303822261167,2.0888056264599952,2.695823036672985,2.084768692320709,2.764452613792686,2.310101140314094,86.94317699999374,0.0,0.0,2.030630999994173,2.176757131076637
SDSS-II,17204,CC,II,0.06195100024342537,REDSHIFT_HELIO,0.025800000876188278,82N,82N,0,82,False,False,False,False,False,16,20,19,18,54346.404786,54433.326384,False,False,False,3.186074428507491,2.882313312898017,0.2692336613627672,3.1230476284214364,-0.5607175515425725,0.09850889041914829,2.6994881314462362,3.6372965380029463,2.4949164089092655,3.0101005889297543,2.476745429587654,86.92159800000081,0.0,0.0,85.91426599999977,2.9359746116428314
SDSS-II,17208,Ia,Ia,0.14000000059604645,REDSHIFT_HELIO,0.031300000846385956,82N,82N,0,84,False,False,False,False,False,14,17,15,1,54346.298768,54423.220695,False,False,False,2.6687492436602502,2.5843977472261894,0.12940950531332363,2.875928984922927,-0.3515251737476984,-0.3737481406003537,2.4690052364327126,3.0311498246191166,0.0,2.7949966354716076,2.3007553389549527,76.92192700000305,2.0303770000027725,2.0303770000027725,0.0,2.481669256678978
SDSS-II,17215,Ia,Ia,0.1813639998435974,REDSHIFT_HELIO,0.10540000349283218,82N,82N,0,67,False,False,False,False,False,4,11,9,2,54348.473572,54412.415731,False,False,False,2.5488805551474805,2.3599199481686637,0.403342675529578,2.7211178066845925,-0.08987796475044857,-0.3008209608812822,2.4143757740339837,2.747776780930639,1.3178543490815442,2.60864365164991,2.148143419270561,63.942158999998355,9.956650000000081,0.0,0.0,2.2058794378531363
SDSS-II,17220,Ia,Ia,0.17902900278568268,REDSHIFT_HELIO,0.01769999973475933,82N,82N,1,79,False,False,False,False,False,16,18,18,7,54346.321415,54433.266097,False,False,False,2.841766055313222,2.5334903132458964,0.1878389464402635,2.9075242314820766,0.00883210466332996,-0.05959937223556529,2.356022267353252,2.8740699286834532,1.981304380280689,2.787247899800297,2.2316197687583634,86.9446820000012,40.03146900000138,11.986399000001256,11.986399000001256,2.3231530118968107
SDSS-II,17240,Ia,Ia,0.07275299727916718,REDSHIFT_HELIO,0.02500000037252903,82S,82S,0,59,False,False,False,False,False,15,15,15,4,54357.307326,54422.264769,False,False,False,3.2394621587502743,2.814673690951482,0.8347794211210573,3.3005824290812122,0.014518237439614601,-0.07140769780523618,2.490609200299991,3.344983378308706,2.6565060046911375,3.2569485257963997,2.7569730396542207,64.95744299999933,0.0,5.050238999996509,0.0,2.7400057448996256
SDSS-II,17258,Ia,Ia,0.08895999938249588,REDSHIFT_HELIO,0.035100001841783524,82S,82S,0,76,False,False,False,False,False,19,19,18,6,54357.381014,54424.277127,False,False,False,3.0581677802325893,2.7723417852274532,0.6408953047386032,3.1158500466033114,-0.23544883104017444,-0.22853470720828867,2.475398955381637,3.3058004740987657,2.4061433683327365,3.045405125524695,2.5424104260581637,66.89611300000252,0.0,5.050430000002962,0.0,2.6644429679325294
SDSS-II,17263,Ia,Ia,0.05976000055670738,REDSHIFT_HELIO,0.02810000069439411,82S,82S,0,59,False,False,False,False,False,15,14,15,5,54357.294994,54422.252049,False,False,False,3.2647352105517085,2.8020373856029424,0.7916042371472873,3.2785890017104298,0.14736390731983615,-0.10165784307833202,2.5535351329471268,3.242628371806524,2.7300939673791706,3.2321063003812065,2.667257336963256,64.95705499999895,0.0,0.0,0.0,2.5598091331616533
SDSS-II,17274,Ia,Ia,0.19610199332237244,REDSHIFT_HELIO,0.03669999912381172,82S,82S,0,59,False,False,False,False,False,9,13,10,3,54357.281802,54418.234331,False,False,False,2.743196062296077,2.407622275340201,0.430088518561575,2.781532788317497,-0.2666314029152803,0.09703969519060979,2.236761126122715,2.8309028829883767,1.93527800179012,2.690063117796202,2.1021705673649596,60.95252900000196,37.0302920000031,0.0,0.0,2.2666950515919644
SDSS-II,17280,Ia,Ia,0.13097800314426422,REDSHIFT_HELIO,0.08980000019073486,82S,82S,0,74,False,False,False,False,False,10,14,9,2,54357.434962,54424.332985,False,False,False,2.69964697476857,2.376274458375362,0.5865161047781465,2.668684049132601,-0.2873523571716745,0.04714708141140094,2.1654817437275895,2.855282855397033,1.8623997549151987,2.569022591392505,2.120181320916143,66.89802300000156,19.046198000003642,0.0,0.0,2.2498059875057006
SDSS-II,17332,Ia,Ia,0.1828410029411316,REDSHIFT_HELIO,0.07209999859333038,82N,82N,0,76,False,False,False,False,False,7,15,13,2,54346.439831,54423.340054,False,False,False,2.5219352831215884,2.31776674352892,0.2503987238922873,2.7123128881171823,-0.044697388317964756,-0.3511129134716112,2.314306717866079,2.732988488857848,1.0392154510623468,2.6041936184292425,2.0873985132729103,76.90022299999691,2.0040829999998095,11.960641999998188,18.99424899999576,2.164042529317273
SDSS-II,17340,Ia,Ia,0.25717198848724365,REDSHIFT_HELIO,0.031300000846385956,82N,82N,0,76,False,False,False,False,False,5,9,8,1,54346.432816,54392.441801,False,False,False,2.5350027905664576,2.271456939624056,0.35035352699101485,2.593396849060531,0.02737443016453031,0.06971954935254246,2.2563857723680147,2.5563266143154415,0.0,2.4311063345662993,1.9476345851662014,46.00898500000039,0.0,11.960800000000745,11.960800000000745,2.0117065606151607
SDSS-II,17351,CC,Ib,0.18199999630451202,REDSHIFT_HELIO,0.10760000348091125,82N,82N,0,80,False,False,False,False,False,5,12,8,1,54346.163563,54425.097447,False,False,False,2.767133572248565,2.3574996987841264,0.1856811079655138,2.7495276035177265,-0.07099598547386972,0.2569124210209011,2.458686193220185,2.7733548410122353,0.0,2.6271814233809554,2.1566988541671432,78.93388399999822,0.0,0.0,0.0,2.2039532161057003
SDSS-II,17366,Ia,Ia,0.1392890065908432,REDSHIFT_HELIO,0.07989999651908875,82N,82N,0,84,False,False,False,False,False,15,19,17,9,54346.17209,54425.10597,False,False,False,2.8686855782521707,2.700081283773008,0.03172943721245641,3.0050903733242005,-0.305038276112409,-0.3518756813312084,2.599712083424328,3.1238908220697286,2.1072573077630765,2.9257863496781784,2.4283169650892025,78.93387999999686,36.026060999996844,10.040658999998413,10.040658999998413,2.597735898828071
SDSS-II,17386,CC,II,0.09114699810743332,REDSHIFT_HELIO,0.1151999980211258,82N,82N,0,80,False,False,False,False,False,20,20,20,20,54346.209121,54433.149747,False,False,False,3.2968143280726925,2.9210139665812176,0.46875130851969826,3.3109777862748206,0.7244611586171397,-0.021043526760924566,2.7467345858492362,3.0199591376204924,2.285615328750057,2.461513401353464,1.8221733983977577,86.94062600000325,36.02656500000012,11.985647000001336,0.0,1.9921902566751253
SDSS-II,17389,Ia,Ia,0.17090100049972534,REDSHIFT_HELIO,0.046300001442432404,82N,82N,0,92,False,False,False,False,False,10,15,14,2,54346.193112,54415.171666,False,False,False,2.8491121661845775,2.422018284502143,0.1213958260576878,2.7371210284368885,0.022833548169938264,0.2619863327544155,2.387404062878729,2.7421829046128363,1.6826865112737264,2.6033067734111768,2.1039166340437783,68.97855400000117,10.040764999997918,10.040764999997918,12.929858999996213,2.216216611260886
SDSS-II,17391,Ia,Ia,0.1899999976158142,REDSHIFT_HELIO,0.03689999878406525,82N,82N,0,76,False,False,False,False,False,7,13,11,1,54346.260574,54412.203869,False,False,False,2.687974620034556,2.3950964473063676,0.17158021880454982,2.8023357804112243,0.06625243731842355,-0.13881116531946058,2.4047042369631066,2.7501765746105438,0.0,2.712489742640562,2.2093681008139354,65.9432949999973,36.02761499999906,2.0302880000017467,0.0,2.2425818680676706
SDSS-II,17436,CC,II,0.1379999965429306,REDSHIFT_HELIO,0.029100000858306885,82N,82N,0,80,False,False,False,False,False,14,19,19,1,54346.297519,54433.241371,False,False,False,2.7137844329284495,2.345954329977279,-0.08230566429705295,2.6054128047288962,0.17261354366841847,0.36677748451975467,2.240103321709185,2.530340578097862,0.0,2.3859992863186603,1.7546198833029167,86.9438519999967,74.94547800000146,12.95258499999909,11.986428000003798,1.7899235778094649
SDSS-II,17464,Ia,Ia,0.24699999392032623,REDSHIFT_HELIO,0.023499999195337296,82S,82S,0,60,False,False,False,False,False,3,5,8,1,54357.301981,54394.332693,False,False,False,2.6687492436602502,2.4284717279658343,0.35298452444240036,2.7151171495346964,0.18359446925651107,0.10921572600629438,2.411187438446309,2.6658435507809886,0.0,2.5662017224535054,2.1469303419684405,37.03071199999977,0.0,0.0,0.0,2.1769018313582302
SDSS-II,17497,Ia,Ia,0.14478899538516998,REDSHIFT_HELIO,0.03539999946951866,82N,82N,0,135,False,False,False,False,False,21,33,32,16,54348.425829,54433.343617,False,False,False,3.0376097239604443,2.5903682354834285,0.005255585240922259,2.9511091526321263,-0.15503850601965471,0.013625292356325692,2.5217798317895617,3.026753844418892,2.316754582365678,2.8816185958302714,2.345801071719628,84.91778799999884,43.00621200000023,16.99003800000355,14.009264000000258,2.427221625471001
SDSS-II,17531,CC,II,0.05752100050449371,REDSHIFT_HELIO,0.09549999982118607,82N,82N,0,72,False,False,False,False,False,9,11,12,5,54346.244748,54406.185155,False,False,False,2.9227565878317057,2.509120619535672,0.42233285799110515,2.9507104103905193,0.25464423059065194,0.021387867163411393,2.35091963162474,2.8892568602163973,2.250666157168208,2.888246922669141,2.3850479805455933,59.94040700000187,0.0,0.0,0.0,2.294671307401904
SDSS-II,17564,CC,II,0.2549999952316284,REDSHIFT_HELIO,0.09130000323057175,82N,82N,0,84,False,False,False,False,False,18,21,20,10,54346.182099,54431.127131,False,False,False,2.8625726024623273,2.5145566056843065,0.3348010992412209,2.6358555478918757,0.0554945207688378,0.4838325540681582,2.3456361680806284,2.6054882231220917,1.971350349333398,2.3195224427148955,1.7427451431762218,84.94503200000327,42.03269100000034,47.01812900000368,35.02908500000194,1.7702414425924897
SDSS-II,17568,Ia,Ia,0.1379999965429306,REDSHIFT_HELIO,0.10130000114440918,82N,82N,0,84,False,False,False,False,False,8,15,11,2,54346.164407,54425.098303,False,False,False,2.634275682319894,2.295901216411854,0.1515225136973861,2.63304404009445,0.1752552408206608,0.018930925794189542,2.204445591469296,2.5499224041295117,1.546233955390444,2.480782781971807,1.9689118282055211,78.93389600000228,59.938562000003,19.977731000006315,11.985561000001326,1.9644556166138936
SDSS-II,17605,Ia,Ia,0.14643000066280365,REDSHIFT_HELIO,0.08389999717473984,82S,82S,0,65,False,False,False,False,False,6,13,9,4,54348.172408,54424.083209,False,False,False,3.0605882940480447,2.7543630348780845,0.7058836304533028,2.8559308392354916,-0.8377292051866214,0.35539329161724287,2.670402026970691,3.3893663246728254,2.3113591592828904,2.743133308975511,2.2478557647559816,75.91080099999817,0.0,8.968981999998505,28.993102000000363,2.7800335916075425
SDSS-II,17627,CC,II,0.06941399723291397,REDSHIFT_HELIO,0.035599999129772186,82S,82S,0,59,False,False,False,False,False,15,15,15,5,54357.292116,54422.249043,False,False,False,2.749396163476586,2.517501160931319,0.15506371362018015,2.7707342406685087,0.3347999863795162,-0.03494166661270667,2.292932099186278,2.613090941079413,1.9416651994292107,2.447824507900895,1.7852021513780638,64.95692700000654,53.912286000006134,5.049784000002546,5.049784000002546,1.546317893027999
SDSS-II,17629,Ia,Ia,0.13741399347782135,REDSHIFT_HELIO,0.02810000069439411,82S,82S,0,77,False,False,False,False,False,16,17,19,6,54357.367264,54424.262776,False,False,False,2.801657485522014,2.6195886324834965,0.25509153871756995,2.9978928997100396,0.01700126578178957,-0.466192782261362,2.470581362373753,3.0163605032198397,2.0509752976847007,2.9184602102007884,2.3990871599597927,66.89551200000278,5.049985999998171,34.050382000001264,19.045616000003065,2.4014867766982886
SDSS-II,17745,Ia,Ia,0.06340499967336655,REDSHIFT_HELIO,0.031700000166893005,82S,82S,0,60,False,False,False,False,False,15,15,15,14,54357.291701,54422.248646,False,False,False,3.4286320144179268,3.4683032071543733,-0.3953489842158405,3.5861032299453837,-0.5679333570319206,-0.30393015209741464,3.438660574258598,3.790069031214601,2.7128553635883437,3.459074183119609,2.876902090077898,64.95694499999809,22.04023800000141,22.04023800000141,22.04023800000141,3.1991671830053
SDSS-II,17790,Ia,Ia,0.17800000309944153,REDSHIFT_HELIO,0.19439999759197235,82N,82N,1,59,False,False,False,False,False,4,7,5,2,54346.129271,54406.067358,False,False,False,2.8654297142023926,2.3554241630636192,0.08161911762631624,2.4159910518217065,-0.3958153097767592,1.0445522291595843,2.414538826246638,2.6754392075287687,2.091033488111394,2.1420764037396873,1.745177531302813,59.93808700000227,11.985380000005534,11.985380000005534,19.9774499999985,2.103842665001177
SDSS-II,17801,Ia,Ia,0.20640000700950623,REDSHIFT_HELIO,0.06549999862909317,82N,82N,0,84,False,False,False,False,False,9,10,11,1,54356.213595,54416.109316,False,False,False,2.6712561714217316,2.31133630726252,0.08406378688568901,2.6042044577258303,0.08084230940762889,0.41379698212277993,2.1905340156992783,2.5283380966191764,0.0,2.468406426698338,1.8849338876610584,59.895721000000776,16.976105000001553,9.937051000000793,9.937051000000793,1.8383492221271132
SDSS-II,17811,Ia,Ia,0.20000000298023224,REDSHIFT_HELIO,0.04439999908208847,82N,82N,1,83,False,False,False,False,False,11,15,11,2,54346.329876,54416.271059,False,False,False,2.7171043926879404,2.476651003441426,0.10394754444960332,2.7559281923876826,-0.18770915857475354,-0.07848932432126922,2.4617440178390178,2.8253092562678925,1.4295907923656475,2.565009114316362,2.1246506315134424,69.94118299999536,2.030362999998033,11.986549999994168,12.980929999997898,2.3260713588609785
SDSS-II,17825,Ia,Ia,0.16099999845027924,REDSHIFT_HELIO,0.028200000524520874,82N,82N,0,88,False,False,False,False,False,9,17,14,4,54355.425334,54423.309468,False,False,False,2.69464905413873,2.483283488598496,0.1517804289894083,2.805133708521531,-0.18462217812414985,-0.13840141896072602,2.462873629754196,2.8688735811946673,1.7217866081619435,2.7091936294906263,2.143821631872529,67.8841339999999,37.999643000002834,9.979167999998026,9.979167999998026,2.248369546232569
SDSS-II,17862,CC,II,0.1444000005722046,REDSHIFT_HELIO,0.028699999675154686,82N,82N,0,86,False,False,False,False,False,15,15,14,3,54358.323783,54432.275413,False,False,False,3.5499334327911076,2.2294531618052864,-0.20001104012482046,2.501168831129817,0.1837392157279076,1.7514305619592956,2.155111237824559,2.526339277389844,3.177496139793601,2.2098097665420515,1.6470302891321156,73.9516300000032,73.9516300000032,28.045341999997618,7.033351999998558,1.7007409133601037
SDSS-II,17880,Ia,Ia,0.072673000395298,REDSHIFT_HELIO,0.07720000296831131,82N,82N,0,71,False,False,False,False,False,15,17,16,9,54348.447111,54433.36597,False,False,False,3.17844454546904,2.9351342747229197,0.23508392089868807,3.3461670974932796,-0.1058658766186315,-0.43005284077468536,2.6926936117801454,3.4309517838809076,2.560292292974227,3.2908312110673066,2.7901597410129906,84.91885899999761,9.956577999997535,16.990200000000186,16.990200000000186,2.8227552886640077
SDSS-II,17884,Ia,Ia,0.2389259934425354,REDSHIFT_HELIO,0.02250000089406967,82N,82N,0,83,False,False,False,False,False,8,13,13,1,54358.356785,54421.318365,False,False,False,2.5918322979919135,2.4040886406838666,0.14074564795281186,2.6262376788789337,-0.07746883927516109,0.007343076885011431,2.3599468921080824,2.6862339475398187,0.0,2.44167941316453,1.9226963922171758,62.96157999999559,7.033066999996663,7.033066999996663,7.033066999996663,2.0730002721059977
SDSS-II,18030,Ia,Ia,0.15652799606323242,REDSHIFT_HELIO,0.029500000178813934,82S,82S,0,60,False,False,False,False,False,9,14,12,1,54357.297462,54422.254175,False,False,False,2.7191820822995303,2.527643713992531,0.4035761929385848,2.761130652040607,-0.366521649128037,0.1416326855059693,2.4345458429155147,2.857682214228478,0.0,2.6503852440378752,2.1330472449799256,64.95671299999958,22.03989499999443,22.03989499999443,22.03989499999443,2.2874699724609866
SDSS-II,18109,CC,II,0.06745299696922302,REDSHIFT_HELIO,0.026900000870227814,82S,82S,0,75,False,False,False,False,False,17,18,18,17,54362.422528,54424.268269,False,False,False,3.1764356457980685,2.9919033300487277,0.06548022277341818,3.1738270214424915,0.2009349126774152,-0.05292406247653024,2.8077371247887952,3.0951100307965724,2.359181282197011,2.954551208948148,2.337186746329925,61.84574099999736,19.98103199999605,22.999063999995997,22.999063999995997,2.3286716148071274
SDSS-II,18241,Ia,Ia,0.0949999988079071,REDSHIFT_HELIO,0.0786999985575676,82S,82S,0,64,False,False,False,False,False,13,15,14,9,54357.150312,54424.092173,False,False,False,2.968940342135551,2.803990326104604,0.09820022387270352,3.0898592062465293,-0.21167182481920424,-0.3019360229484657,2.6703521946563344,3.233830889936809,2.230823977593265,3.013742814333917,2.498758996194621,66.94186099999934,7.997513000002073,22.038711000001058,22.038711000001058,2.645642374473137
SDSS-II,18297,CC,II,0.07437600195407867,REDSHIFT_HELIO,0.03830000013113022,82N,82N,0,88,False,False,False,False,False,16,16,16,13,54365.360008,54433.285656,False,False,False,3.0380117915913503,2.695973920555644,0.21657908501936188,2.9035240578510746,0.2562125214481454,0.10244738473279727,2.4703608727497226,2.798933620126807,2.1653925002951375,2.579863564361882,2.009819675545116,67.92564799999673,21.01200699999754,19.02636099999654,30.88298699999723,1.8968358247936554
SDSS-II,18298,Ia,Ia,0.1197739988565445,REDSHIFT_HELIO,0.02710000053048134,82N,82N,0,87,False,False,False,False,False,7,9,10,3,54365.364518,54431.295065,False,False,False,2.7374073661572167,2.629010683995707,-0.4717948494987496,2.8295353253905633,-0.07631098338742258,-0.26672590234746785,2.744033558662503,2.8972476037011363,1.610525024342325,2.633539140914828,2.1647115209862906,65.9305469999963,16.01999000000069,21.012061000001268,16.01999000000069,2.3437315410830872
SDSS-II,18299,CC,II,0.1274069994688034,REDSHIFT_HELIO,0.11659999936819077,82N,82N,0,72,False,False,False,False,False,10,14,15,3,54365.461496,54433.391029,False,False,False,2.6101382808860203,2.2872529173629093,0.35701268120365176,2.5701458268383717,0.39613753364958804,0.08502093085803754,2.0464795496751274,2.4015383933205645,1.6645617860862012,2.318626725939105,1.6731555860468437,67.92953299999499,50.924544999994396,23.017320999999356,28.021310999996786,1.5666454406907806
SDSS-II,18321,CC,II,0.10300000011920929,REDSHIFT_HELIO,0.029200000688433647,82N,82N,0,83,False,False,False,False,False,15,19,17,7,54358.360032,54433.320482,False,False,False,2.8918885450482996,2.58758809529115,0.39961260063590176,2.739928187368868,-0.019449306831202547,0.14886194187875312,2.3337991317638505,2.8412969027704267,2.0272665099515335,2.3149621574477868,1.7074750783904624,74.96045000000595,37.91710400000011,44.96400900000299,73.95312100000592,2.026050031919107
SDSS-II,18323,Ia,Ia,0.15408100187778473,REDSHIFT_HELIO,0.02759999968111515,82N,82N,0,76,False,False,False,False,False,12,13,11,2,54358.290541,54421.249818,False,False,False,2.548020709915288,2.5755608459761996,0.21012982743777797,2.8523335835188983,-0.29432715319528235,-0.4899827029317349,2.41479931691984,2.9032473782900907,1.2319793531220398,2.7419626910928896,2.139451327941346,62.95927699999447,47.017469999998866,23.052435999998124,23.052435999998124,2.3271403782485103
SDSS-II,18375,Ia,Ia,0.1105090007185936,REDSHIFT_HELIO,0.017500000074505806,82N,82N,0,84,False,False,False,False,False,14,16,16,15,54365.34604,54433.271207,False,False,False,3.1302211668872046,3.094626143220863,0.057681276722058666,3.233805515873618,-0.3239191287152651,-0.26524001952255105,2.98717194710244,3.3505813608129245,2.3484175990717544,3.1355873666675174,2.6432119423433553,67.92516700000124,21.011844000000565,19.026215000005323,23.01631100000668,2.8325520585033535
SDSS-II,18408,CC,II,0.050043001770973206,REDSHIFT_HELIO,0.0430000014603138,82N,82N,0,92,False,False,False,False,False,18,18,18,17,54373.206733,54433.130476,False,False,False,3.208159067678462,3.1137313514662774,0.0008744238424925931,3.248201408232838,-0.004235947102939859,-0.09856909505999088,2.9897861382308055,3.2538224387080734,2.292179068024946,3.160330459071626,2.50279276862316,59.92374299999938,10.015230999997584,13.012248999999429,8.012125000001106,2.542165972483284
SDSS-II,18415,Ia,Ia,0.13076700270175934,REDSHIFT_HELIO,0.07440000027418137,82N,82N,0,76,False,False,False,False,False,8,12,11,4,54373.325249,54433.174214,False,False,False,2.9243775094914732,2.697716707336104,0.12107654884335833,2.9771014397070528,-0.19815812313419184,-0.3067492557990895,2.713099755776077,3.01516269750164,2.213853231603498,2.882302504856003,2.419078342244805,59.848964999997406,8.934648999995261,8.934648999995261,8.934648999995261,2.5351948271027767
SDSS-II,18456,Ia,Ia,0.21993499994277954,REDSHIFT_HELIO,0.024900000542402267,82S,82S,0,78,False,False,False,False,False,10,17,15,3,54376.410022,54424.259439,False,False,False,2.6875557125556258,2.5489411959604356,0.6860444134602821,2.8523335835188983,-0.3089480380488791,-0.4016067837432471,2.41938898266031,3.1090990925646333,1.730000513166314,2.7565904725581705,2.2000743546032684,47.849417000004905,9.002935000004072,11.003366000004462,13.992370000007213,2.455470674383683
SDSS-II,18457,CC,II,0.08067300170660019,REDSHIFT_HELIO,0.026100000366568565,82S,82S,0,80,False,False,False,False,False,20,20,19,14,54357.364828,54424.260281,False,False,False,3.1804527680063037,2.790799399952493,0.07583679028529274,3.131442200755392,0.20763830421769874,0.006117909513448795,2.719301034994719,3.0355458170153615,2.4340326427503314,3.0875471587023853,2.5107212955115776,66.89545300000464,34.049943999998504,30.049384000005375,30.049384000005375,2.4771479574761806
SDSS-II,18463,Ia,Ia,0.268220990896225,REDSHIFT_HELIO,0.026499999687075615,82S,82S,0,72,False,False,False,False,False,9,13,10,1,54357.331873,54418.285633,False,False,False,2.5768709257371114,2.2815542813150373,0.24079256067161867,2.6006026664119255,0.11561844417615096,0.03357480383635589,2.2359014224363425,2.5583244852315357,0.0,2.438558173170205,2.0115131819468703,60.95375999999669,59.95583899999474,25.030495999999403,19.045275999997102,1.9994661164067296
SDSS-II,18466,Ia,Ia,0.21299999952316284,REDSHIFT_HELIO,0.09189999848604202,82S,82S,0,149,False,False,False,False,False,12,26,24,1,54365.446593,54432.364918,False,False,False,2.5497509605994355,2.5423398401401647,1.758158353184445,2.6278367609895166,-1.3630921457872556,-0.16796776029835161,2.3515837489606324,3.5565159787674667,0.0,2.4747842524595205,1.9792627875905002,66.91832499999873,16.020283999998355,16.020283999998355,66.91832499999873,2.819679427595054
SDSS-II,18485,Ia,Ia,0.27900001406669617,REDSHIFT_HELIO,0.06790000200271606,82S,82S,0,76,False,False,False,False,False,11,13,14,1,54376.460118,54424.311346,False,False,False,2.6653933388245554,2.43413758946208,0.3431664923155386,2.552510034918877,-0.23362835692948616,0.383945969270793,2.2822347519507957,2.6814311919323046,0.0,2.317039018901785,1.791787085365441,47.85122799999954,5.9854879999984405,17.986910999999964,17.986910999999964,2.027583168737879
SDSS-II,18590,CC,II,0.05721300095319748,REDSHIFT_HELIO,0.07429999858140945,82S,82S,0,64,False,False,False,False,False,13,13,13,11,54379.187309,54424.090446,False,False,False,3.00330540554695,2.756922110391665,0.0501025339501628,2.9063242546091477,0.10284207960745448,0.22308341758394926,2.571850314136716,2.869671660152089,2.1983089417269857,2.3618033174433197,1.8013779458045296,44.90313700000115,42.914990999997826,42.914990999997826,8.0074289999975,1.903947886130646
SDSS-II,18602,Ia,Ia,0.13833999633789062,REDSHIFT_HELIO,0.07490000128746033,82S,82S,0,64,False,False,False,False,False,11,13,13,9,54376.283261,54424.16849,False,False,False,2.9105817111684167,2.7553171205499383,0.03972834924655374,2.9327172161356643,-0.1429421324991088,-0.1602866328140666,2.695211750610385,2.962397749798969,2.1494597862678195,2.8289304298536986,2.2818682813695736,47.885228999999526,17.97125600000436,17.97125600000436,15.983442000004288,2.3805867956732407
SDSS-II,18604,Ia,Ia,0.17626099288463593,REDSHIFT_HELIO,0.07020000368356705,82N,82N,0,68,False,False,False,False,False,7,11,9,1,54382.269626,54433.184037,False,False,False,2.597377016096264,2.370314544925316,0.15271943107102792,2.622234741131618,-0.038192869164954256,-0.029424614301282327,2.3485246001153963,2.6442612974438173,0.0,2.4622482062114197,2.0582588238779214,50.914410999997926,29.915069000002404,6.006503999997221,4.002541000001656,2.1136479359811244
SDSS-II,18612,Ia,Ia,0.11489199846982956,REDSHIFT_HELIO,0.026200000196695328,82S,82S,0,64,False,False,False,False,False,13,14,14,12,54379.357726,54424.210868,False,False,False,2.9697512756513658,2.942101286258307,0.06061793753249389,3.138242700927932,-0.19120504229657068,-0.4037641155218033,2.8424282507906056,3.2118437524611543,2.3047697927950983,3.011058490452634,2.5415251942300774,44.853141999999934,8.008030999997573,6.007654000000912,8.008030999997573,2.719272681752411
SDSS-II,18650,Ia,Ia,0.11371300369501114,REDSHIFT_HELIO,0.0917000025510788,82S,82S,0,68,False,False,False,False,False,14,14,14,9,54379.234649,54424.138483,False,False,False,3.027928299283744,2.983145405874047,0.052828468639092255,3.07146591407192,-0.32790528335102825,-0.2834156007653317,2.8626743349603334,3.205845583489866,2.2843404541754686,2.842908637634489,2.411619423884765,44.90383400000428,6.007288000000699,6.007288000000699,6.007288000000699,2.6133846613094804
SDSS-II,18697,Ia,Ia,0.10762300342321396,REDSHIFT_HELIO,0.019600000232458115,82N,82N,0,84,False,False,False,False,False,13,15,15,11,54381.365026,54433.270325,False,False,False,3.118155574450334,3.1434661509678166,0.051315545519165215,3.2398048238137362,-0.3151742383820484,-0.37825522308135023,3.063580740564346,3.369373603425309,2.4308233438963978,3.158356463499007,2.640558358358366,51.905298999998195,4.992012000002433,4.992012000002433,3.006384000000253,2.8254083521761735
SDSS-II,18700,CC,II,0.05462599918246269,REDSHIFT_HELIO,0.04540000110864639,82N,82N,0,91,False,False,False,False,False,18,18,18,14,54346.350591,54433.296682,False,False,False,3.135447516913666,2.807545925808305,0.18312077469634502,3.0750649752189867,0.3641931487602599,0.11035887867212607,2.5587045721576054,2.9196323783786196,2.0463990368958678,3.0202452537484645,2.4302581278559736,86.94609099999798,40.03219800000079,40.03219800000079,40.03219800000079,2.191743645648551
SDSS-II,18709,CC,II,0.0995360016822815,REDSHIFT_HELIO,0.039900001138448715,82N,82N,0,80,False,False,False,False,False,13,14,13,8,54373.391048,54433.241371,False,False,False,2.8168177631583204,2.5881259781288377,-0.04349412821288596,2.784331930600372,-0.03679616064548796,0.1274544728894712,2.575347739425772,2.796532707240185,1.9210617718844953,2.602114244928648,2.1008050807700696,59.85032299999875,7.945242000001599,19.927275000001828,19.927275000001828,2.2225505789970845
SDSS-II,18713,CC,II,0.09460599720478058,REDSHIFT_HELIO,0.02590000070631504,82N,82N,0,76,False,False,False,False,False,11,13,13,5,54381.355477,54433.260998,False,False,False,2.7967338554247263,2.445853193525058,-0.07755907778985041,2.6230320976922,0.1085981082929256,0.2876758559411348,2.3708208197358713,2.595496221825574,1.927372069757024,2.093876772473574,1.5608047957457574,51.90552100000059,51.90552100000059,11.982158000006166,6.996446000004653,1.8786577663799702
SDSS-II,18734,CC,II,0.05668500065803528,REDSHIFT_HELIO,0.04360000044107437,82N,82N,0,76,False,False,False,False,False,17,15,16,14,54346.302757,54433.246891,False,False,False,2.9742030254053904,2.8358786163523373,0.02094323135013155,3.03028389194487,0.2999980027503381,-0.11855243218648982,2.660221310299142,2.901245745904472,1.9405399224971833,2.975794704240708,2.43738094777245,86.94413400000485,65.94450000000506,56.9482960000023,56.9482960000023,2.20880582983739
SDSS-II,18740,Ia,Ia,0.15441100299358368,REDSHIFT_HELIO,0.02590000070631504,82S,82S,0,123,False,False,False,False,False,21,21,21,7,54376.37509,54433.286567,False,False,False,2.819274080395189,2.8000457441688957,0.034577934109773965,2.9471100994274533,-0.13701922411806086,-0.3803005194774719,2.770772087070973,3.006765457671493,1.8800473114963716,2.824938987261894,2.327501653186578,56.91147700000147,17.986059999995632,11.003564999999071,17.005553999995755,2.4216919487450372
SDSS-II,18749,Ia,Ia,0.19063800573349,REDSHIFT_HELIO,0.01940000057220459,82N,82N,0,84,False,False,False,False,False,8,12,11,2,54381.368365,54416.270265,False,False,False,2.5419534592373165,2.4799026688454284,0.19427971813119232,2.773932656389635,0.07111391553345157,-0.3766960196236086,2.408322661488969,2.681033078118275,1.041589637418082,2.683137143854148,2.125122350928184,34.90189999999711,6.996499000000767,4.992443999995885,4.992443999995885,2.1227590473152125
SDSS-II,18751,Ia,Ia,0.07102599740028381,REDSHIFT_HELIO,0.022700000554323196,82N,82N,0,75,False,False,False,False,False,9,15,9,6,54346.31036,54433.255044,False,False,False,3.0879729899177515,2.6980181413959374,0.6247904900208976,3.1054556700065556,-0.0587480270522145,-0.014071638809972063,2.500085462494756,3.091909511506103,2.3380232276074473,3.002658395088163,2.5760183455515504,86.9446839999946,40.03126399999746,42.03571499999816,35.03928999999334,2.6005457193066475
SDSS-II,18768,Ia,Ia,0.1979999989271164,REDSHIFT_HELIO,0.023800000548362732,82N,82N,0,87,False,False,False,False,False,7,12,10,1,54365.361647,54416.283368,False,False,False,2.7386537599504344,2.4032149200093813,0.2069456500585935,2.613820699419995,-0.08596832427786484,0.3669520958485217,2.368161993478402,2.65984966588254,0.0,2.4620534386250497,1.9828615324080119,50.9217209999988,46.9262149999995,19.026401000002807,21.01205000000482,2.1089900529335543
SDSS-II,18771,CC,II,0.25099998712539673,REDSHIFT_HELIO,0.022199999541044235,82N,82N,0,76,False,False,False,False,False,9,11,10,1,54365.331201,54416.252059,False,False,False,2.6762819665614215,2.345302426345368,0.14533309348172085,2.4975516159239914,0.01460205632694583,0.47530618758933135,2.2948090160045522,2.499549617514129,0.0,2.271957737333825,1.8244842474716858,50.92085799999768,46.92498799999885,37.92874199999642,37.92874199999642,1.8514171538033184
SDSS-II,18787,Ia,Ia,0.19022800028324127,REDSHIFT_HELIO,0.0272000003606081,82N,82N,0,83,False,False,False,False,False,9,14,13,1,54381.415818,54423.300644,False,False,False,2.6237040299372616,2.423668254296987,0.12448242630927335,2.591787821860178,-0.023581183998374597,0.11551408572250539,2.3847873502841277,2.5963001466901168,0.0,2.4177207289448863,1.9516898412852146,41.88482600000134,3.006885999995575,3.006885999995575,6.996682999997574,2.0003172197290207
SDSS-II,18793,CC,II,0.20399999618530273,REDSHIFT_HELIO,0.05350000038743019,82N,82N,0,76,False,False,False,False,False,10,15,14,1,54381.44977,54433.357498,False,False,False,2.825413121501691,2.37404043825152,0.12302965285997056,2.6262376788789337,0.07733682915215305,0.7558523623620615,2.2788061727718887,2.4955443375464483,0.0,2.3795593098122003,1.766558258422092,51.907727999998315,27.909233999998833,14.860736000002362,21.91069000000425,1.6877890025079954
SDSS-II,18804,Ia,Ia,0.1984259933233261,REDSHIFT_HELIO,0.028699999675154686,82N,82N,0,90,False,False,False,False,False,14,16,15,1,54381.403488,54433.310265,False,False,False,2.8274597511123,2.6991008185292467,0.029862076254375217,2.845532125059504,-0.0674577074278035,-0.027958292804820144,2.680750444233491,2.8808650341900313,0.0,2.6564336259129187,2.153707746688821,51.90677699999651,14.863658999995096,12.000402999998187,12.000402999998187,2.271924633183676
SDSS-II,18807,Ia,Ia,0.1770000010728836,REDSHIFT_HELIO,0.08209999650716782,82N,82N,0,73,False,False,False,False,False,11,13,13,3,54381.462001,54423.348003,False,False,False,2.632163605235012,2.585716627632259,0.10697049543736944,2.7231189648446947,-0.10886884760025821,-0.2744248118393918,2.5119283050935834,2.760166033091059,1.3323645688974655,2.530238167171633,2.0493994866610294,41.88600199999928,10.99455499999749,10.99455499999749,12.000810999998066,2.1436849675599774
SDSS-II,18809,Ia,Ia,0.1289999932050705,REDSHIFT_HELIO,0.1137000024318695,82N,82N,0,73,False,False,False,False,False,13,13,12,8,54381.473778,54432.374095,False,False,False,4.236816782833264,2.775072459425573,0.09619668734946663,2.9607085516885565,-0.17448437384574575,2.0880275599370064,2.6238875362276777,3.0323487359325965,3.7453540286203544,2.8620239899024233,2.396540519640907,50.90031699999963,50.90031699999963,4.992329000000609,4.992329000000609,2.5085769029629694
SDSS-II,18834,CC,II,0.14300000667572021,REDSHIFT_HELIO,0.02930000051856041,82N,82N,0,86,False,False,False,False,False,14,14,13,5,54381.403497,54433.310295,False,False,False,2.77083727516848,2.352657915365477,-0.09988817708869961,2.880727853850767,0.5587287320768209,-0.007623277571254893,2.301008285225344,2.491543785987881,2.0006173719066425,2.747528312642296,2.124357136484455,51.90679800000362,10.994186000003538,50.89947399999801,3.006868000004033,1.6717245492096837
SDSS-II,18835,Ia,Ia,0.12318599969148636,REDSHIFT_HELIO,0.11640000343322754,82N,82N,0,73,False,False,False,False,False,13,14,15,14,54381.481071,54433.39021,False,False,False,2.9782444529135708,2.9652164918584853,0.09543700794335971,5.033603857356369,3.5607298880110605,-4.049205535375525,2.87141035853861,3.156673314600436,2.173306500152718,5.0326817526359795,4.427473616482894,51.909138999995776,10.994662999997672,50.901771999997436,12.000928000001295,2.542731116197457
SDSS-II,18855,Ia,Ia,0.12783199548721313,REDSHIFT_HELIO,0.09860000014305115,82N,82N,0,73,False,False,False,False,False,13,15,14,9,54381.467279,54433.375997,False,False,False,2.893512089003478,3.3032672114193393,2.086241703377015,2.995494790676915,-2.2140124110003,-0.4129458045837485,2.748464740507141,4.301621319147867,2.1468893528701445,2.901207586072416,2.4090059040728042,51.90871800000605,4.992718000001332,6.996890000002168,50.898042000000714,3.68382812342779
SDSS-II,18890,Ia,Ia,0.06649199873209,REDSHIFT_HELIO,0.036400001496076584,82S,82S,0,72,False,False,False,False,False,13,14,14,10,54382.359043,54424.222694,False,False,False,3.195711494729398,2.960619911613913,0.381225517233674,3.23140586884273,-0.13559687437211387,-0.2038699364146775,2.7449005168636647,3.2702151883231334,2.43981453302081,3.118029822229218,2.6107518203794147,41.86365099999966,12.001241000005393,12.001241000005393,12.001241000005393,2.724401211431826
SDSS-II,18892,CC,II,0.1379999965429306,REDSHIFT_HELIO,0.031099999323487282,82S,82S,0,60,False,False,False,False,False,12,13,13,1,54379.327341,54422.244361,False,False,False,2.720423941646508,2.308129158299548,-0.011273111850179311,2.438114981060903,0.10486084020508073,0.7486201704070055,2.2109223975729377,2.3915349306317695,0.0,2.0482864310549163,1.4757315276634013,42.917020000000775,2.990079000002879,13.002754000001005,8.008303000002343,1.56425191572802
SDSS-II,18940,Ia,Ia,0.21236200630664825,REDSHIFT_HELIO,0.01850000023841858,82N,82N,0,80,False,False,False,False,False,10,12,13,4,54381.362547,54423.245752,False,False,False,2.7663087120444017,2.430032027787158,0.058222744844686446,2.7275168339487146,0.0998495927145456,0.21171964578809638,2.4110250876055375,2.621082767131312,1.6371865798436183,2.6024181054406053,2.042634352342777,41.883205000005546,24.903183000002173,21.909598000005644,24.903183000002173,2.041027988180538
SDSS-II,18965,Ia,Ia,0.20587100088596344,REDSHIFT_HELIO,0.02410000003874302,82N,82N,0,87,False,False,False,False,False,13,14,12,2,54381.371274,54423.255111,False,False,False,2.576007139120872,2.5342509939003586,-0.004147765064150961,2.7587302752739546,-0.014436388820579186,-0.37319594076229473,2.49220576393319,2.7493729862594645,1.0193241132146067,2.5544649442147995,2.061585305900629,41.88383700000122,11.982271000000765,11.982271000000765,21.90971400000126,2.186263907809255
SDSS-II,18984,CC,II,0.15496399998664856,REDSHIFT_HELIO,0.029400000348687172,82N,82N,0,83,False,False,False,False,False,8,13,12,7,54381.420332,54421.328802,False,False,False,2.8870036641087964,2.540961540566581,0.46547717116581244,2.7691335083264286,0.19549660964241014,0.052351598558211865,2.4070040284611096,2.7050165335800087,1.9938911861336557,2.4971923194447347,2.0108035509865605,39.908470000002126,4.992586000000301,6.996701999996731,4.992586000000301,2.0909310340174843
SDSS-II,19002,Ia,Ia,0.270999014377594,REDSHIFT_HELIO,0.0617000013589859,82N,82N,0,76,False,False,False,False,False,12,14,13,1,54381.450998,54423.3367,False,False,False,2.549309858919498,2.388011071814871,0.1485257804002397,2.5805714716619064,0.005789120186420177,-0.0644190506026797,2.3426381329205235,2.619082880534729,0.0,2.402983183097637,1.9167658195113246,41.88570199999958,6.996825000001991,10.994480000001204,10.994480000001204,1.9724392014393886
SDSS-II,19003,Ia,Ia,0.05990999937057495,REDSHIFT_HELIO,0.0658000037074089,82S,82S,0,68,False,False,False,False,False,12,13,14,13,54379.208242,54424.111452,False,False,False,3.2623276614752514,2.860007493859331,1.008206697401029,3.112651918436376,0.11558376349217059,0.2229620194191831,2.3881648793779298,3.112698830270284,2.445554814732403,3.073879583922929,2.4731529312792726,44.90320999999676,13.002119999997376,13.002119999997376,14.989901000000827,2.429070963504941
SDSS-II,19149,Ia,Ia,0.21130500733852386,REDSHIFT_HELIO,0.02410000003874302,82S,82S,0,74,False,False,False,False,False,14,16,15,4,54382.400688,54424.265328,False,False,False,2.7506317795498734,2.7302572550628748,0.054085934279244643,2.9083241458235993,0.02765127679728138,-0.41979376663581025,2.633739622004461,2.8776650057512905,2.068413102413794,2.8096068497433753,2.2187995934736584,41.86463999999978,25.9252919999999,20.011360999997123,14.02121199999965,2.206803534697493
SDSS-II,19155,Ia,Ia,0.07760299742221832,REDSHIFT_HELIO,0.025499999523162842,82S,82S,0,75,False,False,False,False,False,16,16,15,14,54382.399872,54424.264501,False,False,False,3.418619423426191,3.464918652010645,-0.12266077678156154,3.4841275168493713,-0.48278730488008226,-0.17127262830233325,3.465229353440221,3.690086142248409,2.762636283877714,3.330513213628499,2.8293747944792402,41.86462899999606,9.019446999998763,14.021622000000207,20.01177099999768,3.0999469178249193
SDSS-II,19174,Ia,Ia,0.1647000014781952,REDSHIFT_HELIO,0.035999998450279236,82S,82S,0,79,False,False,False,False,False,13,15,15,3,54382.384669,54424.248951,False,False,False,2.7741299213814288,2.6338426565697364,0.10153534150941884,2.8267354773109514,-0.11501665915112572,-0.2875671379871918,2.5562551681950785,2.8892568602163973,1.8248731609837907,2.5772734810615865,2.107104487320071,41.86428200000228,41.86428200000228,12.00101700000232,12.00101700000232,2.2568619343460656
SDSS-II,19230,Ia,Ia,0.22100000083446503,REDSHIFT_HELIO,0.049300000071525574,82N,82N,0,80,False,False,False,False,False,6,9,8,2,54382.246745,54421.162675,False,False,False,2.568717878391963,2.3257368176450033,0.04901706366976565,2.6394566068086402,0.3051658413057683,-0.08122378042840464,2.2973409723537146,2.50714045187244,0.7958800173440752,2.4342654266594574,1.949412138705488,38.915930000002845,4.002505000004021,10.992367000006197,10.992367000006197,1.8889258746112272
SDSS-II,19282,Ia,Ia,0.1770000010728836,REDSHIFT_HELIO,0.032499998807907104,82N,82N,0,79,False,False,False,False,False,12,12,13,5,54381.330844,54433.235787,False,False,False,2.6896462209486307,2.706582665791295,0.04785828759511602,2.8519306637297164,-0.09729797928449233,-0.4432964391910957,2.6792037241896596,2.9116369461247755,1.8397800768045065,2.722362389558466,2.2596962113555725,51.90494300000137,22.96692500000063,11.9819920000009,11.9819920000009,2.3098046969041057
SDSS-II,19323,CC,Ib,0.08679399639368057,REDSHIFT_HELIO,0.027899999171495438,82N,82N,0,80,False,False,False,False,False,10,13,12,8,54381.334625,54433.239265,False,False,False,2.8205036009629136,2.4719706079232524,0.6053727556648711,2.7211178066845925,0.15125592745025035,0.21006300618177454,2.231642871772638,2.65984966588254,1.9670158216850822,2.5379701024125416,2.052578530955006,51.90463999999338,21.90928399999393,21.90928399999393,11.982029999999213,2.045576327421768
SDSS-II,19341,Ia,Ia,0.23676300048828125,REDSHIFT_HELIO,0.03460000082850456,82N,82N,1,84,False,False,False,False,False,10,11,9,2,54381.377896,54432.276248,False,False,False,3.8808158802673836,2.2990772174871443,0.14595315971216252,2.564938165647871,0.15046270501730563,2.7896675795985293,2.178061378064824,2.517947681646819,3.5293366603102125,2.326561176456202,1.784862727954244,50.8983520000038,50.8983520000038,11.999816000003193,11.999816000003193,1.8610695668602353
SDSS-II,19353,Ia,Ia,0.15405599772930145,REDSHIFT_HELIO,0.07249999791383743,82N,82N,0,79,False,False,False,False,False,15,16,14,5,54381.452636,54433.360484,False,False,False,2.70172336446573,3.5844270064482058,-0.16010009727826072,2.8867275388556557,-3.5222346081775386,-0.4844867633041636,3.660142130232326,4.730408135947344,1.7711660115326746,2.7327153231820964,2.189429265836407,51.90784799999528,6.9968349999981,21.910743000000366,50.90049899999576,4.110247658775949
SDSS-II,19381,Ia,Ia,0.20999999344348907,REDSHIFT_HELIO,0.09290000051259995,82N,82N,3,69,False,False,False,False,False,11,12,12,6,54358.417771,54433.380629,False,False,False,2.7000630582318714,2.366142678716274,0.025584599934217384,2.6638798842003055,0.14857035044121586,-0.11382621054483594,2.2837020236316445,2.581107322448542,2.0021481222200266,2.5290580165086234,2.024067929425533,74.96285799999896,37.918235999997705,44.965384000002814,34.04859900000156,1.9444520498774238
SDSS-II,19543,Ia,Ia,0.12300000339746475,REDSHIFT_HELIO,0.03530000150203705,82N,82N,0,80,False,False,False,False,False,11,13,13,4,54386.319835,54433.232399,False,False,False,2.8331853725014353,2.8296362357812423,0.09159737567857791,2.980698608815184,-0.20647285760414583,-0.5209507942734343,2.7769420985358484,3.0663259253620376,2.0703336265427237,2.90972715813419,2.418747460715524,46.91256399999838,6.990067999999155,16.917286999996577,17.974567999997817,2.5293123908182915
SDSS-II,19616,Ia,Ia,0.16548499464988708,REDSHIFT_HELIO,0.028200000524520874,82S,82S,0,75,False,False,False,False,False,14,15,14,4,54385.433904,54424.280873,False,False,False,2.828279543964104,2.729801177986341,0.009530836586350382,2.904720958926105,-0.10104935580499413,-0.30069372589599935,2.659732882709727,2.953605073094638,1.8754161613147264,2.8003183431302903,2.2170378992878392,38.84696900000563,16.993906000003335,16.993906000003335,16.993906000003335,2.3498171161973573
SDSS-II,19626,Ia,Ia,0.11320900171995163,REDSHIFT_HELIO,0.03669999912381172,82S,82S,0,76,False,False,False,False,False,15,15,15,5,54385.430614,54424.27749,False,False,False,2.775362813652303,2.741577541361857,0.46463532143150627,2.9159219359539352,-0.07136096768315539,-0.3452517210855919,2.553493846973674,2.9328236987207785,1.921861163677861,2.8076026637241807,2.2354452225985844,38.84687600000325,25.865811000003305,6.001462000000174,16.99386400000367,2.320618548765749
SDSS-II,19658,Ia,Ia,0.20000000298023224,REDSHIFT_HELIO,0.017899999395012856,82S,82S,0,60,False,False,False,False,False,11,11,10,2,54385.356208,54422.265646,False,False,False,2.7225023202973233,2.5526715337222137,0.02656280251203054,2.753927609691004,-0.06852090408210669,0.028001927498923926,2.4875497059839744,2.758964857451402,1.3753895264221017,2.5996429587506493,2.0315410948949446,36.90943800000241,8.982765000000654,16.99314000000595,16.99314000000595,2.161788436999459
SDSS-II,19702,Ia,Ia,0.26899999380111694,REDSHIFT_HELIO,0.10400000214576721,82N,82N,0,72,False,False,False,False,False,8,10,8,1,54386.457553,54423.350905,False,False,False,2.836045468561571,2.2598995485370628,0.4531927762361716,2.3870158754012953,-0.13390644670877075,1.2670022448252998,2.069362807209109,2.4527521724410244,0.0,2.1155771986267435,1.6106251293022158,36.89335199999914,9.87188800000149,16.918595000002824,16.918595000002824,1.726085573571151
SDSS-II,19775,Ia,Ia,0.13809199631214142,REDSHIFT_HELIO,0.08730000257492065,82N,82N,0,84,False,False,False,False,False,9,11,11,2,54393.198951,54431.125861,False,False,False,2.744026826290449,2.7397592857562025,0.24663206149631414,2.892723320310798,-0.10759578882089676,-0.32499687193056187,2.6261749302564734,2.925229571244728,1.478494145080158,2.690515050426863,2.1716977988474993,37.92691000000195,9.927305000004708,9.927305000004708,9.927305000004708,2.2744902760425223
SDSS-II,19899,Ia,Ia,0.09139999747276306,REDSHIFT_HELIO,0.06509999930858612,82S,82S,0,64,False,False,False,False,False,7,7,7,6,54402.271399,54424.175727,False,False,False,3.3152543420256633,3.385993927357726,-0.03875936034606646,3.3405690076701076,-0.46463795145398634,-0.16329145926064392,3.418057546823657,3.54251920227279,2.481543367520736,3.292628139055488,2.829428372208076,21.90432800000417,15.911700000004203,15.911700000004203,15.911700000004203,3.0311892757225922
SDSS-II,19913,Ia,Ia,0.2070000022649765,REDSHIFT_HELIO,0.08030000329017639,82S,82S,1,67,False,False,False,False,False,9,11,10,2,54392.251794,54424.153468,False,False,False,2.865832113873106,2.5567069944287364,0.13515664866835908,2.6786913362346567,-0.06932024938874412,0.1438018622976092,2.4966283356908687,2.7725564024429947,2.3042211447093113,2.5224181433979003,2.071123495786083,31.901673999993363,31.901673999993363,9.997853999993822,17.911867999995593,2.0950140459871265
SDSS-II,19940,Ia,Ia,0.1469999998807907,REDSHIFT_HELIO,0.08020000159740448,82S,82S,0,64,False,False,False,False,False,10,10,10,8,54392.199664,54424.100753,False,False,False,2.8955440710994518,2.947621417442836,0.12082649836849263,2.9978928997100396,-0.19491939226878702,-0.3328193693991621,2.8534231994364774,3.0795177133379674,2.105429247925701,2.892027768739375,2.3628924968795277,31.901088999999047,11.915658999998413,17.911716000002343,17.911716000002343,2.474803490010306
SDSS-II,19953,Ia,Ia,0.12322799861431122,REDSHIFT_HELIO,0.05180000141263008,82S,82S,0,68,False,False,False,False,False,9,9,9,9,54402.247105,54424.151354,False,False,False,3.104879582708015,3.2036136092892065,-0.04166036262203225,3.15263686793003,-0.40286422260538807,-0.23942976717810183,3.22425932998164,3.2966037641104364,2.4148922454373754,2.932072781608953,2.413114327066786,21.904248999999254,7.9144410000008065,10.912024999997811,15.911631999995734,2.6601264534254545
SDSS-II,19968,Ia,Ia,0.055939000099897385,REDSHIFT_HELIO,0.023900000378489494,82S,82S,0,73,False,False,False,False,False,9,11,11,9,54362.400158,54424.245112,False,False,False,3.5579376832694574,3.546396264479816,-0.08203513992332961,3.6324937211084216,-0.3979345660732304,-0.18452467182811463,3.6908245125068633,3.7904688284690486,2.8490578396208432,3.6204306779265987,3.1620884190917464,61.84495400000014,50.90498099999968,48.864117000004626,52.91635900000256,3.3720238097731206
SDSS-II,19969,Ia,Ia,0.17531700432300568,REDSHIFT_HELIO,0.03139999881386757,82S,82S,0,76,False,False,False,False,False,11,11,10,2,54394.403048,54424.266589,False,False,False,2.601636331728375,2.7375995516359235,0.19881981987785396,2.8243341458911555,-0.14263194727068096,-0.5239016870987704,2.6190439764954214,2.8740699286834532,0.9925529245874839,2.6639740479731056,2.1425471174428457,29.863540999998804,16.8825530000031,16.8825530000031,16.8825530000031,2.28033513444865
SDSS-II,19990,Ia,Ia,0.24987700581550598,REDSHIFT_HELIO,0.03500000014901161,82S,82S,0,76,False,False,False,False,False,10,11,10,1,54394.41089,54424.274568,False,False,False,2.5815742303782163,2.3367307445704917,0.2737018155656677,2.470660362353202,-0.09638831149944085,0.33392832727843647,2.210602075439122,2.4987515279785915,0.0,2.1081928340617884,1.5702978029220473,29.863678000001528,13.924663999998302,8.010284000003594,8.010284000003594,1.81081112755213
SDSS-II,20038,CC,II,0.11878900229930878,REDSHIFT_HELIO,0.03999999910593033,82S,82S,0,52,False,False,False,False,False,6,7,7,5,54394.29142,54422.217554,False,False,False,2.9247856575393674,2.8429861375801933,-0.1368014814448818,2.9435142902129443,-0.21972803861286733,-0.11014065052295541,2.9323173046068702,3.0463390460749755,2.1750524158693776,2.817333934470881,2.3561403734386093,27.926134000001184,8.009774999998626,8.009774999998626,8.009774999998626,2.5123040229876787
SDSS-II,20039,Ia,Ia,0.24699999392032623,REDSHIFT_HELIO,0.020099999383091927,82S,82S,0,60,False,False,False,False,False,9,8,8,2,54392.354033,54422.268234,False,False,False,2.6389083868582106,2.4611569948521606,0.137210308793753,2.6454615786340394,0.209392205505877,0.00991918507406835,2.311932717504307,2.533937196971776,1.3271546247281947,2.4387005425537702,1.9200662692140797,29.914200999999593,20.910288999999466,20.910288999999466,9.997867999998562,1.8480831090254723
SDSS-II,20040,Ia,Ia,0.28804901242256165,REDSHIFT_HELIO,0.06939999759197235,82N,82N,0,76,False,False,False,False,False,7,8,7,1,54393.227594,54433.14935,False,False,False,2.515383668296926,2.450487742950421,0.16967832879683895,2.5224311786975684,-0.05674989882922769,0.05614070696386145,2.3322104334687808,2.5399287787165945,0.0,1.8553979522781208,1.3277094402534273,39.921755999996094,18.922880999998597,18.922880999998597,22.91821599999821,1.8189067151427172
SDSS-II,20064,Ia,Ia,0.1048400029540062,REDSHIFT_HELIO,0.03099999949336052,82N,82N,0,79,False,False,False,False,False,13,15,16,9,54348.321372,54433.234489,False,False,False,3.1302211668872046,3.056974433057897,0.11469900665758936,3.2753896738878314,-0.1795333034903465,-0.33725325518554894,3.0509481765763145,3.3601767243430745,2.1662754273923754,3.242466877893533,2.8314255870531917,84.9131170000037,57.9113720000023,63.91356700000324,67.90940200000477,2.8993332104337415
SDSS-II,20084,Ia,Ia,0.13972899317741394,REDSHIFT_HELIO,0.05270000174641609,82N,82N,0,76,False,False,False,False,False,7,8,8,2,54393.281584,54433.204135,False,False,False,2.67376713925947,2.7494705974649576,0.2601667868608516,2.8731286924846566,-0.06915188223803831,-0.48795778266860723,2.6458866343420686,2.886456884102574,1.5600860776944188,2.7721015558374824,2.2755730289805607,39.922551000003295,18.923577000001387,11.982717000006232,11.982717000006232,2.2996766864580347
SDSS-II,20088,Ia,Ia,0.2445330023765564,REDSHIFT_HELIO,0.02459999918937683,82N,82N,0,152,False,False,False,False,False,21,21,17,5,54392.363218,54433.276346,False,False,False,2.679209794922102,2.5609428418856623,0.0606323079536918,2.6750906226358344,-0.05850695308636168,-0.016952638576118582,2.4641757426580346,2.7221977399334185,1.2656339371596115,2.384478854101491,1.901980141583675,40.91312800000014,18.869974000001093,13.910520000004908,15.91168099999777,2.083159878375891
SDSS-II,20144,Ia,Ia,0.2199999988079071,REDSHIFT_HELIO,0.04270000010728836,82S,82S,0,68,False,False,False,False,False,9,8,9,1,54402.217153,54424.120923,False,False,False,2.6507056902806885,2.649534434292622,0.08181909205993619,2.699508191647832,-0.1276939385417092,-0.03078022871207044,2.5785080469759043,2.7293916244334087,0.0,2.5185007663872567,2.0026058532372275,21.903770000004442,8.871227000003273,15.911581000000297,15.911581000000297,1.9425919682572053
SDSS-II,20345,Ia,Ia,0.26499998569488525,REDSHIFT_HELIO,0.01679999940097332,82N,82N,0,84,False,False,False,False,False,6,6,7,1,54404.330708,54433.269094,False,False,False,2.6007878038855505,2.4481753634588417,0.11048833788882853,2.5893798333248865,-0.0139158149459087,0.14102977826922847,2.3915672555400906,2.5875089288178708,0.0,2.4305265194995873,1.9978096158437704,28.93838600000163,18.916317999995954,11.934468999999808,16.93990499999927,1.9779790022557426
SDSS-II,20350,Ia,Ia,0.12939000129699707,REDSHIFT_HELIO,0.09179999679327011,82N,82N,0,80,False,False,False,False,False,7,8,8,3,54403.108634,54425.097404,False,False,False,2.7506317795498734,2.664700732505217,0.24297576004092572,2.7899330809317506,0.032974896256870466,-0.16458845441749742,2.542263306412174,2.7837464257395497,1.6051400574209351,2.512497608700762,2.12197367165696,21.98877000000357,8.995915999999852,8.995915999999852,12.991248000005726,2.104093678774357
SDSS-II,20364,Ia,Ia,0.21845799684524536,REDSHIFT_HELIO,0.02539999969303608,82N,82N,0,87,False,False,False,False,False,7,7,7,2,54405.370553,54433.311519,False,False,False,2.744026826290449,2.497946028598336,0.1678301108043702,2.664679583214103,0.024208192407585552,0.15478700980889423,2.4201703629937477,2.629878293873277,1.8102324564457803,2.4616185804363346,2.0424104670936547,27.940966000001936,15.942274000000907,10.936739999997371,17.91872400000284,2.053831899683076
SDSS-II,20420,CC,Ic,0.15065400302410126,REDSHIFT_HELIO,0.07410000264644623,82S,82S,0,64,False,False,False,False,False,5,6,6,6,54402.264181,54424.168062,False,False,False,3.0303487077259708,2.65636814954883,0.633513780182988,2.818733826307651,0.09344351433887654,0.29689805251401835,2.428086183177955,2.782544266516374,2.3500597295193235,2.212959611763249,1.780551804813447,21.903880999998364,21.903880999998364,10.912064000003738,10.912064000003738,2.1346389659391236
SDSS-II,20430,Ia,Ia,0.164000004529953,REDSHIFT_HELIO,0.08980000019073486,82S,82S,0,64,False,False,False,False,False,7,7,7,4,54404.106764,54424.092643,False,False,False,2.763832132151848,2.586449061487563,0.1388859183601886,2.7039101303143847,-0.05489984364626454,0.19351825502584918,2.5167090943664254,2.702215059149166,1.8123122535025464,2.523486336313754,1.990185598969198,19.985879000007117,19.985879000007117,8.993637000006856,13.993244000004779,2.017290021765858
SDSS-II,20470,Ia,Ia,0.125,REDSHIFT_HELIO,0.11739999800920486,82S,82S,0,76,False,False,False,False,False,9,8,8,5,54390.469268,54424.324298,False,False,False,2.842584293151751,2.9350346757509795,0.20983785077880038,2.921520003563967,-0.24898805793719359,-0.211262244004182,2.8077123799608974,3.006765457671493,1.5471585675272503,2.366721673627524,1.8339574602298332,33.855029999998806,33.855029999998806,33.855029999998806,33.855029999998806,2.2175614322253447
SDSS-II,20528,Ia,Ia,0.13569100201129913,REDSHIFT_HELIO,0.0674000009894371,82S,82S,0,74,False,False,False,False,False,8,10,11,7,54357.401204,54424.297566,False,False,False,3.1422799476527166,2.9105646479749683,0.20574559348133958,3.0538732610827313,-0.09459234143277384,0.04707753990062013,2.9022701609314203,3.057532990284415,2.4263575850676604,2.9948184595445633,2.5195433430749454,66.8963619999995,55.95606899999984,55.95606899999984,55.95606899999984,2.47414343269849
SDSS-II,20530,CC,II,0.06111200153827667,REDSHIFT_HELIO,0.03350000083446503,82S,82S,0,60,False,False,False,False,False,6,6,7,6,54392.32885,54422.242687,False,False,False,3.018646414452733,3.0779961711072565,-0.06310548810014459,3.0854618286600317,-0.04181974208542504,-0.19249867751375543,3.088935978210327,3.1095009337159265,1.998833938056838,3.0302109811710576,2.550403139468186,29.913837000000058,18.869642000005115,20.910020000002987,20.910020000002987,1.6898585533222223
SDSS-II,20575,Ia,Ia,0.19870400428771973,REDSHIFT_HELIO,0.059700001031160355,82S,82S,0,68,False,False,False,False,False,8,8,10,5,54348.217499,54424.129053,False,False,False,2.9219464542294102,2.644605976144665,0.07463177092971958,2.905919936248599,0.21244796858810389,0.07549876867361094,2.6340198180171095,2.7673562779402165,2.1366692178117863,2.818489808113188,2.3129559847948156,75.91155399999843,59.921268999998574,75.91155399999843,73.92341600000509,2.1053895262666966
SDSS-II,20581,Ia,Ia,0.20480699837207794,REDSHIFT_HELIO,0.07129999995231628,82S,82S,0,68,False,False,False,False,False,7,7,7,2,54404.179114,54424.164621,False,False,False,2.5918322979919135,2.6111525740050676,0.004730768643620683,2.7107095760444584,-0.04046933278055707,-0.2528287410544567,2.6094785374425253,2.7269960275036516,0.51719702591581,2.4780178854545776,2.019952221404269,19.985507000004873,19.985507000004873,17.997369000004255,13.993313999999373,2.0897602855343402
SDSS-II,20625,Ia,Ia,0.10812799632549286,REDSHIFT_HELIO,0.02449999935925007,82N,82N,0,76,False,False,False,False,False,7,8,7,3,54405.314315,54433.254571,False,False,False,3.031153870903215,3.03394369035163,0.021892056241880377,3.1394414197895175,-0.2913936812091834,-0.3769796306906881,3.072437401325279,3.261819352795712,2.0563989319528035,3.1001912713755417,2.613105997058782,27.940255999994406,17.91823899999872,17.91823899999872,17.91823899999872,2.8178569852764848
SDSS-II,20677,CC,Ic,0.08077800273895264,REDSHIFT_HELIO,0.026100000366568565,82N,82N,0,76,False,False,False,False,False,6,9,7,3,54404.320198,54433.25847,False,False,False,2.968940342135551,2.614040198310723,0.6467270178540653,2.8539353755929895,-0.012128420529830776,-0.0008285675134382024,2.4155603634294693,2.8265088691135625,2.338003686226723,2.7574643652690525,2.3176764705494883,28.938271999999415,18.916237999997975,18.916237999997975,26.943029000001843,2.333257894212071
SDSS-II,20687,Ia,Ia,0.19153599441051483,REDSHIFT_HELIO,0.022700000554323196,82N,82N,1,86,False,False,False,False,False,7,6,5,1,54406.283833,54433.286142,False,False,False,2.626247958222968,2.5259470306101477,0.4633928069349085,2.6830920761994186,-0.15015859113732066,-0.016616337530492728,2.3727594984418046,2.7193976005858906,0.0,2.5511326888065375,2.099172606189038,27.002308999995876,9.998268999996071,9.998268999996071,15.0037450000018,2.215765328829991
SDSS-II,20764,Ia,Ia,0.16590100526809692,REDSHIFT_HELIO,0.03200000151991844,82N,82N,0,84,False,False,False,False,False,6,6,5,2,54406.310185,54433.312836,False,False,False,2.661623397674203,2.7454352497559213,-0.08586839813470176,2.843133088818194,-0.15429098575782121,-0.470210280689909,2.7345744896719237,2.907642417426098,1.6294095057673865,2.6461291729311376,2.202672808472474,27.00265099999524,16.980399000000034,15.003946999997424,15.003946999997424,2.380273430223116
SDSS-II,20768,Ia,Ia,0.23826000094413757,REDSHIFT_HELIO,0.03350000083446503,82N,82N,0,77,False,False,False,False,False,6,6,5,1,54406.350472,54423.331254,False,False,False,2.5905520694488002,2.226814633447447,0.2939652120072507,2.397087946641706,0.17492629583349245,0.5694271475153913,2.102410834042276,2.3538970042447045,0.0,1.9082704536581174,1.4509748976804202,16.980781999998726,3.00480200000311,15.003867999999784,16.980781999998726,1.595900593134895
SDSS-II,20838,CC,Ic,0.09444399923086166,REDSHIFT_HELIO,0.05480000004172325,82S,82S,0,64,False,False,False,False,False,6,6,6,5,54408.177672,54424.168005,False,False,False,2.9620613726169016,2.8098222229737324,-0.015087200332902811,2.927519197884134,0.07564207841445879,-0.025829570684147585,2.792362503841885,2.894050097500049,2.1628254447861996,2.83696304550334,2.3747305046311813,15.990333000001556,14.002195000000938,14.002195000000938,9.997712000003958,2.3301040316771298
SDSS-II,20862,Ia,Ia,0.26606500148773193,REDSHIFT_HELIO,0.03420000150799751,82S,82S,0,60,False,False,False,False,False,6,6,5,1,54408.23642,54422.238839,False,False,False,2.645235539139318,2.34324113319228,0.044742900090738766,2.502782071768309,0.03834993343541262,0.45799582562868435,2.2996162339040325,2.457957532734917,0.0,2.16488798112122,1.7592328186606387,14.002418999996735,14.002418999996735,9.9983099999954,9.9983099999954,1.827268988204329
SDSS-II,21006,Ia,Ia,0.29100000858306885,REDSHIFT_HELIO,0.07490000128746033,82S,82S,0,76,False,False,False,False,False,8,8,8,4,54387.464206,54424.311374,False,False,False,2.728305075348718,2.461262092739894,0.2415149774359401,2.551303587854917,-0.052816125517231444,0.2703581763116597,2.3660422049539145,2.531938496293549,1.9922580263084002,2.205123157302608,1.6665878732714972,36.84716800000024,0.0,29.90843400000449,23.865840000005846,1.5241280447025445
SDSS-II,21033,Ia,Ia,0.2290000021457672,REDSHIFT_HELIO,0.034299999475479126,82N,82N,0,84,False,False,False,False,False,7,6,5,7,54346.399137,54433.320467,False,False,False,2.884160731382623,2.510037589236725,-0.6511605203716629,2.705513054364227,0.04412090820166684,0.5760048911619949,2.6483725629097368,2.6778349886836756,2.134082950717859,2.595452127767704,2.1459100404069567,86.9213299999974,74.92257899999822,76.89903899999626,74.92257899999822,2.056337670342424
SDSS-II,21034,Ia,Ia,0.10854700207710266,REDSHIFT_HELIO,0.024900000542402267,82N,82N,0,84,False,False,False,False,False,6,6,5,3,54412.341424,54433.318367,False,False,False,2.938974781981528,3.0565472459919705,0.011081642295026992,3.116249018693377,-0.2166783922599223,-0.5591406541725559,3.0664855689052466,3.1934529939167873,2.246784920708769,2.9314070414948654,2.4982870979211844,20.976943000001484,10.954662000003736,8.978202999998757,10.954662000003736,2.642258960680751
SDSS-II,21062,Ia,Ia,0.13864199817180634,REDSHIFT_HELIO,0.04830000177025795,82N,82N,0,80,False,False,False,False,False,8,8,8,5,54412.16331,54433.162615,False,False,False,2.8772388598168557,2.7976915868465397,0.017643968089484135,2.8511298629769866,-0.08599813162848438,0.0631606479592279,2.763153662777416,2.884857635926625,2.0153133996818826,2.63070238950926,2.1249910596818298,20.99930499999755,20.99930499999755,19.004086999993888,10.9923839999974,2.1823615729575256
SDSS-II,21064,CC,II,0.07897000014781952,REDSHIFT_HELIO,0.0340999998152256,82N,82N,0,87,False,False,False,False,False,6,6,6,6,54412.281063,54433.280538,False,False,False,3.0799225504265983,2.980187518475787,-0.04427097129120813,3.1318431151512027,0.19561114937155638,-0.2738040346444601,2.973087033364683,3.0359457972113266,2.309287070759632,2.90837239763077,2.409345609127257,20.99947499999689,20.99947499999689,9.000947000000451,9.000947000000451,2.144519009359302
SDSS-II,21362,CC,II,0.08299999684095383,REDSHIFT_HELIO,0.12269999831914902,82S,82S,0,76,False,False,False,False,False,4,5,5,2,54415.396068,54424.325072,False,False,False,2.9264093376863842,2.805257479309654,-0.04190775590430969,2.9355123089346153,-0.03368386506799703,-0.06875002356889237,2.845817134626182,2.934821534329636,2.144060195300631,2.8033341897218733,2.3887075176783017,8.929003999997803,8.929003999997803,8.929003999997803,8.929003999997803,2.328026551815729
SDSS-II,21455,Ia,Ia,0.2686930000782013,REDSHIFT_HELIO,0.030899999663233757,82S,82S,0,76,False,False,False,False,False,7,7,6,1,54411.290629,54424.271658,False,False,False,2.6456580117679147,2.284746470658872,0.16803525031171787,2.5296484829208206,0.12366086347084985,0.4656465704180245,2.2130279728921103,2.48354450896851,0.0,2.220552654960471,1.8439558955443724,12.981028999995033,7.040820999995049,11.045109999999113,12.981028999995033,1.8779792111407902
SDSS-II,21502,Ia,Ia,0.08916299790143967,REDSHIFT_HELIO,0.046799998730421066,82N,82N,0,76,False,False,False,False,False,6,7,8,5,54348.30738,54433.220381,False,False,False,3.260722336961038,3.211086586127981,0.03029951569796172,3.348565767970091,-0.20214162495475196,-0.22078154704634478,3.278875110308884,3.4453473016837295,2.5720485561083453,3.315573653931722,2.933086531288979,84.9130010000008,74.89107199999853,74.89107199999853,82.91777600000205,3.011200619829488
SDSS-II,21510,Ia,Ia,0.14956599473953247,REDSHIFT_HELIO,0.028699999675154686,82N,82N,0,76,False,False,False,False,False,5,5,4,2,54416.25545,54433.259735,False,False,False,2.8364570565584506,2.949196728903537,-0.23273496246052947,2.9379138812903918,-0.38589080565134665,-0.23649795919508088,3.0366967441893618,3.1142973446121873,1.7057782858944002,2.713322494728811,2.2960196000859283,17.00428500000271,6.981822000001557,17.00428500000271,17.00428500000271,2.5449905058636677
SDSS-II,21669,Ia,Ia,0.12407100200653076,REDSHIFT_HELIO,0.022700000554323196,82S,82S,0,64,False,False,False,False,False,5,5,5,3,54382.345762,54424.209114,False,False,False,2.9519394738221374,2.7924071051037216,-0.1318863483506893,3.0262839801306223,-0.058319748076133854,-0.31573484934277773,2.8346737002985147,3.0987060291830044,2.2697559312736035,2.943539037017801,2.532995726436088,41.863352000000305,41.863352000000305,41.863352000000305,41.863352000000305,2.642754646440947
SDSS-II,21810,Ia,Ia,0.17499999701976776,REDSHIFT_HELIO,0.04560000076889992,82N,82N,0,80,False,False,False,False,False,8,8,7,3,54412.162894,54433.161774,False,False,False,2.850339854583479,2.5776339614799557,0.2131226471311597,2.8447318207824286,0.05432005455642867,0.011610607514794598,2.4908973874714695,2.8428961922101266,1.9288619793961785,2.72665384792173,2.269517622731917,20.99887999999919,10.991955999998027,20.99887999999919,20.99887999999919,2.24787307109907
SDSS-II,21814,Ia,Ia,0.10190600156784058,REDSHIFT_HELIO,0.08739999681711197,82N,82N,0,71,False,False,False,False,False,5,5,5,5,54412.188564,54433.187923,False,False,False,3.0343837771196047,3.090109855239069,0.11545773196655479,3.221409015965929,-0.2314613182569844,-0.4137960588404604,3.036260696281773,3.322591397790681,2.2651940499535512,3.138309011660999,2.698455606858545,20.999359000001277,19.004139000004216,20.999359000001277,19.004139000004216,2.860143644376652
SDSS-II,21839,Ia,Ia,0.09272000193595886,REDSHIFT_HELIO,0.05790000036358833,82N,82N,0,80,False,False,False,False,False,4,4,4,2,54421.121042,54431.124517,False,False,False,3.087170715927874,3.019718490555645,-0.0968335034604014,3.1974184075100185,-0.1950254405603301,-0.05675658800380932,3.0628094077817334,3.3237923352517784,2.2506395994019743,3.0982282612746372,2.6753786028215845,10.003474999997707,10.003474999997707,10.003474999997707,10.003474999997707,2.841076553496522
SDSS-II,22075,Ia,Ia,0.13002799451351166,REDSHIFT_HELIO,0.026900000870227814,82N,82N,0,84,False,False,False,False,False,5,5,6,2,54412.346443,54433.323864,False,False,False,2.95963277072537,2.8741546690629187,0.011962409162154502,3.353764318739261,0.29159968341791076,-0.5823145632137783,2.8695344458862815,3.065527426465476,2.056294873105445,3.288014336928746,2.786628089039411,20.977420999995957,10.95469199999934,19.970089999995253,10.95469199999934,2.58636726795408
SDSS-II,22182,Ia,Ia,0.07199999690055847,REDSHIFT_HELIO,0.05779999867081642,82N,82N,0,80,False,False,False,False,False,2,2,2,2,54431.130984,54433.126211,False,False,False,2.8707256952847424,2.9164881495644206,-0.007425222813979978,2.9655074460496653,0.0003359666259940122,-0.19696309874049814,2.9194546511320403,3.0051676253976294,1.740283642555903,2.2959188661277907,1.9970805101926026,1.9952269999994314,1.9952269999994314,1.9952269999994314,1.9952269999994314,2.2739383336576737
SDSS-II,22284,Ia,Ia,0.13300000131130219,REDSHIFT_HELIO,0.07930000126361847,82N,82N,0,140,False,False,False,False,False,3,2,2,1,54424.152611,54433.163028,False,False,False,2.695893011747983,2.552199603989384,0.26703878556118255,2.7443242653053432,0.19454352631030913,0.16554971360474652,2.445723532758928,2.65984966588254,0.0,2.412090724366289,2.112738969198489,9.010417000004963,9.010417000004963,9.010417000004963,9.010417000004963,2.0056737265269513
